,firefly,renilla,column,row,plate,transfection,enhancer,plasmid,allele,batch,DHT
CT1,813,735,1,A,1,1,ct1,1,0,1,1
CT1,791,700,2,A,1,1,ct1,1,0,1,1
CT1,776,742,3,A,1,2,ct1,1,0,1,1
CT1,811,764,4,A,1,2,ct1,1,0,1,1
CT1,734,749,5,A,1,3,ct1,1,0,1,1
CT1,716,732,6,A,1,3,ct1,1,0,1,1
CT1,758,750,7,A,1,4,ct1,1,0,1,1
CT1,766,734,8,A,1,4,ct1,1,0,1,1
CT2,745,698,9,A,1,5,ct2,2,0,1,1
CT2,745,732,10,A,1,5,ct2,2,0,1,1
CT2,514,467,11,A,1,6,ct2,2,0,1,1
CT2,502,456,12,A,1,6,ct2,2,0,1,1
CT2,578,518,1,B,1,7,ct2,2,0,1,1
CT2,556,515,2,B,1,7,ct2,2,0,1,1
CT2,491,461,3,B,1,8,ct2,2,0,1,1
CT2,488,454,4,B,1,8,ct2,2,0,1,1
PSA,3251,1215,5,B,1,9,psa,3,0,1,1
PSA,3653,750,6,B,1,9,psa,3,0,1,1
PSA,4536,910,7,B,1,10,psa,3,0,1,1
PSA,4311,805,8,B,1,10,psa,3,0,1,1
PSA,4085,798,9,B,1,11,psa,3,0,1,1
PSA,4170,817,10,B,1,11,psa,3,0,1,1
PSA,3138,759,11,B,1,12,psa,3,0,1,1
PSA,3243,714,12,B,1,12,psa,3,0,1,1
F35-3-1,1276,550,1,C,1,13,f35-3f,4,0,1,1
F35-3-1,1344,564,2,C,1,13,f35-3f,4,0,1,1
F35-3-1,903,471,3,C,1,14,f35-3f,4,0,1,1
F35-3-1,889,469,4,C,1,14,f35-3f,4,0,1,1
F35-3-1,1349,560,5,C,1,15,f35-3f,4,0,1,1
F35-3-1,1338,540,6,C,1,15,f35-3f,4,0,1,1
F35-3-1,925,467,7,C,1,16,f35-3f,4,0,1,1
F35-3-1,926,489,8,C,1,16,f35-3f,4,0,1,1
F35-3-2,1044,602,9,C,1,17,f35-3f,5,0,1,1
F35-3-2,1161,498,10,C,1,17,f35-3f,5,0,1,1
F35-3-2,1184,507,11,C,1,18,f35-3f,5,0,1,1
F35-3-2,1178,508,12,C,1,18,f35-3f,5,0,1,1
F35-3-2,1104,480,1,D,1,19,f35-3f,5,0,1,1
F35-3-2,1109,481,2,D,1,19,f35-3f,5,0,1,1
F35-3-2,753,434,3,D,1,20,f35-3f,5,0,1,1
F35-3-2,763,433,4,D,1,20,f35-3f,5,0,1,1
F35-3-3,1131,524,5,D,1,21,f35-3f,6,0,1,1
F35-3-3,1163,500,6,D,1,21,f35-3f,6,0,1,1
F35-3-3,1246,511,7,D,1,22,f35-3f,6,0,1,1
F35-3-3,1211,509,8,D,1,22,f35-3f,6,0,1,1
F35-3-3,1126,500,9,D,1,23,f35-3f,6,0,1,1
F35-3-3,1111,486,10,D,1,23,f35-3f,6,0,1,1
F35-3-3,901,484,11,D,1,24,f35-3f,6,0,1,1
F35-3-3,867,460,12,D,1,24,f35-3f,6,0,1,1
F35-3-4,857,569,1,E,1,25,f35-3f,7,0,1,1
F35-3-4,957,482,2,E,1,25,f35-3f,7,0,1,1
F35-3-4,830,456,3,E,1,26,f35-3f,7,0,1,1
F35-3-4,791,437,4,E,1,26,f35-3f,7,0,1,1
F35-3-4,894,432,5,E,1,27,f35-3f,7,0,1,1
F35-3-4,875,442,6,E,1,27,f35-3f,7,0,1,1
F35-3-4,673,449,7,E,1,28,f35-3f,7,0,1,1
F35-3-4,662,435,8,E,1,28,f35-3f,7,0,1,1
F35-3-5,912,445,9,E,1,29,f35-3f,8,0,1,1
F35-3-5,922,448,10,E,1,29,f35-3f,8,0,1,1
F35-3-5,956,449,11,E,1,30,f35-3f,8,0,1,1
F35-3-5,957,439,12,E,1,30,f35-3f,8,0,1,1
F35-3-5,765,434,1,F,1,31,f35-3f,8,0,1,1
F35-3-5,727,422,2,F,1,31,f35-3f,8,0,1,1
F35-3-5,750,427,3,F,1,32,f35-3f,8,0,1,1
F35-3-5,763,438,4,F,1,32,f35-3f,8,0,1,1
F35-3-6,680,494,5,F,1,33,f35-3f,9,0,1,1
F35-3-6,776,451,6,F,1,33,f35-3f,9,0,1,1
F35-3-6,1018,483,7,F,1,34,f35-3f,9,0,1,1
F35-3-6,1015,475,8,F,1,34,f35-3f,9,0,1,1
F35-3-6,788,427,9,F,1,35,f35-3f,9,0,1,1
F35-3-6,748,436,10,F,1,35,f35-3f,9,0,1,1
F35-3-6,567,406,11,F,1,36,f35-3f,9,0,1,1
F35-3-6,602,406,12,F,1,36,f35-3f,9,0,1,1
mF35-3-3-1,1086,475,1,G,1,37,f35-3fm,10,1,1,1
mF35-3-3-1,966,460,2,G,1,37,f35-3fm,10,1,1,1
mF35-3-3-1,683,424,3,G,1,38,f35-3fm,10,1,1,1
mF35-3-3-1,678,419,4,G,1,38,f35-3fm,10,1,1,1
mF35-3-3-1,935,483,5,G,1,39,f35-3fm,10,1,1,1
mF35-3-3-1,925,465,6,G,1,39,f35-3fm,10,1,1,1
mF35-3-3-1,723,417,7,G,1,40,f35-3fm,10,1,1,1
mF35-3-3-1,673,418,8,G,1,40,f35-3fm,10,1,1,1
mF35-3-3-2,1005,589,9,G,1,41,f35-3fm,11,1,1,1
mF35-3-3-2,1133,502,10,G,1,41,f35-3fm,11,1,1,1
mF35-3-3-2,733,412,11,G,1,42,f35-3fm,11,1,1,1
mF35-3-3-2,735,408,12,G,1,42,f35-3fm,11,1,1,1
mF35-3-3-2,734,422,1,H,1,43,f35-3fm,11,1,1,1
mF35-3-3-2,733,426,2,H,1,43,f35-3fm,11,1,1,1
mF35-3-3-2,662,413,3,H,1,44,f35-3fm,11,1,1,1
mF35-3-3-2,658,411,4,H,1,44,f35-3fm,11,1,1,1
mF35-3-3-3,658,429,5,H,1,45,f35-3fm,12,1,1,1
mF35-3-3-3,629,423,6,H,1,45,f35-3fm,12,1,1,1
mF35-3-3-3,604,407,7,H,1,46,f35-3fm,12,1,1,1
mF35-3-3-3,604,404,8,H,1,46,f35-3fm,12,1,1,1
mF35-3-3-3,680,423,9,H,1,47,f35-3fm,12,1,1,1
mF35-3-3-3,660,418,10,H,1,47,f35-3fm,12,1,1,1
mF35-3-3-3,548,405,11,H,1,48,f35-3fm,12,1,1,1
mF35-3-3-3,547,406,12,H,1,48,f35-3fm,12,1,1,1
mF35-3-3-4,1394,563,1,A,2,49,f35-3fm,13,1,1,1
mF35-3-3-4,1399,572,2,A,2,49,f35-3fm,13,1,1,1
mF35-3-3-4,949,490,3,A,2,50,f35-3fm,13,1,1,1
mF35-3-3-4,904,491,4,A,2,50,f35-3fm,13,1,1,1
mF35-3-3-4,954,479,5,A,2,51,f35-3fm,13,1,1,1
mF35-3-3-4,906,463,6,A,2,51,f35-3fm,13,1,1,1
mF35-3-3-4,705,450,7,A,2,52,f35-3fm,13,1,1,1
mF35-3-3-4,714,440,8,A,2,52,f35-3fm,13,1,1,1
mF35-3-3-5,1069,516,9,A,2,53,f35-3fm,14,1,1,1
mF35-3-3-5,1118,530,10,A,2,53,f35-3fm,14,1,1,1
mF35-3-3-5,944,478,11,A,2,54,f35-3fm,14,1,1,1
mF35-3-3-5,1088,475,12,A,2,54,f35-3fm,14,1,1,1
mF35-3-3-5,833,453,1,B,2,55,f35-3fm,14,1,1,1
mF35-3-3-5,791,465,2,B,2,55,f35-3fm,14,1,1,1
mF35-3-3-5,780,460,3,B,2,56,f35-3fm,14,1,1,1
mF35-3-3-5,782,452,4,B,2,56,f35-3fm,14,1,1,1
mF35-3-3-6,1100,648,5,B,2,57,f35-3fm,15,1,1,1
mF35-3-3-6,1214,522,6,B,2,57,f35-3fm,15,1,1,1
mF35-3-3-6,1196,510,7,B,2,58,f35-3fm,15,1,1,1
mF35-3-3-6,1052,490,8,B,2,58,f35-3fm,15,1,1,1
mF35-3-3-6,1104,507,9,B,2,59,f35-3fm,15,1,1,1
mF35-3-3-6,997,484,10,B,2,59,f35-3fm,15,1,1,1
mF35-3-3-6,758,438,11,B,2,60,f35-3fm,15,1,1,1
mF35-3-3-6,781,429,12,B,2,60,f35-3fm,15,1,1,1
F37-1-1,1155,500,1,C,2,61,f37-1f,16,0,1,1
F37-1-1,1205,497,2,C,2,61,f37-1f,16,0,1,1
F37-1-1,1022,449,3,C,2,62,f37-1f,16,0,1,1
F37-1-1,1021,460,4,C,2,62,f37-1f,16,0,1,1
F37-1-1,1106,508,5,C,2,63,f37-1f,16,0,1,1
F37-1-1,1091,512,6,C,2,63,f37-1f,16,0,1,1
F37-1-1,1099,500,7,C,2,64,f37-1f,16,0,1,1
F37-1-1,1043,473,8,C,2,64,f37-1f,16,0,1,1
F37-1-2,1293,709,9,C,2,65,f37-1f,17,0,1,1
F37-1-2,1475,541,10,C,2,65,f37-1f,17,0,1,1
F37-1-2,2350,667,11,C,2,66,f37-1f,17,0,1,1
F37-1-2,2399,647,12,C,2,66,f37-1f,17,0,1,1
F37-1-2,1003,484,1,D,2,67,f37-1f,17,0,1,1
F37-1-2,1005,483,2,D,2,67,f37-1f,17,0,1,1
F37-1-2,1006,473,3,D,2,68,f37-1f,17,0,1,1
F37-1-2,1003,471,4,D,2,68,f37-1f,17,0,1,1
F37-1-3,1099,489,5,D,2,69,f37-1f,18,0,1,1
F37-1-3,1164,501,6,D,2,69,f37-1f,18,0,1,1
F37-1-3,1008,476,7,D,2,70,f37-1f,18,0,1,1
F37-1-3,1034,477,8,D,2,70,f37-1f,18,0,1,1
F37-1-3,1209,509,9,D,2,71,f37-1f,18,0,1,1
F37-1-3,1181,510,10,D,2,71,f37-1f,18,0,1,1
F37-1-3,960,454,11,D,2,72,f37-1f,18,0,1,1
F37-1-3,952,446,12,D,2,72,f37-1f,18,0,1,1
F37-1-4,1195,649,1,E,2,73,f37-1f,19,0,1,1
F37-1-4,1398,550,2,E,2,73,f37-1f,19,0,1,1
F37-1-4,1566,531,3,E,2,74,f37-1f,19,0,1,1
F37-1-4,1472,532,4,E,2,74,f37-1f,19,0,1,1
F37-1-4,978,470,5,E,2,75,f37-1f,19,0,1,1
F37-1-4,990,471,6,E,2,75,f37-1f,19,0,1,1
F37-1-4,663,429,7,E,2,76,f37-1f,19,0,1,1
F37-1-4,625,419,8,E,2,76,f37-1f,19,0,1,1
F37-1-5,893,467,9,E,2,77,f37-1f,20,0,1,1
F37-1-5,843,459,10,E,2,77,f37-1f,20,0,1,1
F37-1-5,832,440,11,E,2,78,f37-1f,20,0,1,1
F37-1-5,767,429,12,E,2,78,f37-1f,20,0,1,1
F37-1-5,864,451,1,F,2,79,f37-1f,20,0,1,1
F37-1-5,868,463,2,F,2,79,f37-1f,20,0,1,1
F37-1-5,676,419,3,F,2,80,f37-1f,20,0,1,1
F37-1-5,655,421,4,F,2,80,f37-1f,20,0,1,1
F37-1-6,770,483,5,F,2,81,f37-1f,21,0,1,1
F37-1-6,859,422,6,F,2,81,f37-1f,21,0,1,1
F37-1-6,855,432,7,F,2,82,f37-1f,21,0,1,1
F37-1-6,827,424,8,F,2,82,f37-1f,21,0,1,1
F37-1-6,636,395,9,F,2,83,f37-1f,21,0,1,1
F37-1-6,651,399,10,F,2,83,f37-1f,21,0,1,1
F37-1-6,630,397,11,F,2,84,f37-1f,21,0,1,1
F37-1-6,609,398,12,F,2,84,f37-1f,21,0,1,1
mF37-1-1-1,1034,495,1,G,2,85,f37-1fm,22,2,1,1
mF37-1-1-1,1012,487,2,G,2,85,f37-1fm,22,2,1,1
mF37-1-1-1,967,477,3,G,2,86,f37-1fm,22,2,1,1
mF37-1-1-1,906,474,4,G,2,86,f37-1fm,22,2,1,1
mF37-1-1-1,1327,534,5,G,2,87,f37-1fm,22,2,1,1
mF37-1-1-1,1306,540,6,G,2,87,f37-1fm,22,2,1,1
mF37-1-1-1,844,458,7,G,2,88,f37-1fm,22,2,1,1
mF37-1-1-1,819,440,8,G,2,88,f37-1fm,22,2,1,1
mF37-1-1-2,892,547,9,G,2,89,f37-1fm,23,2,1,1
mF37-1-1-2,1115,466,10,G,2,89,f37-1fm,23,2,1,1
mF37-1-1-2,792,453,11,G,2,90,f37-1fm,23,2,1,1
mF37-1-1-2,733,441,12,G,2,90,f37-1fm,23,2,1,1
mF37-1-1-2,749,430,1,H,2,91,f37-1fm,23,2,1,1
mF37-1-1-2,749,428,2,H,2,91,f37-1fm,23,2,1,1
mF37-1-1-2,695,432,3,H,2,92,f37-1fm,23,2,1,1
mF37-1-1-2,678,427,4,H,2,92,f37-1fm,23,2,1,1
mF37-1-1-3,1487,515,5,H,2,93,f37-1fm,24,2,1,1
mF37-1-1-3,1431,532,6,H,2,93,f37-1fm,24,2,1,1
mF37-1-1-3,771,429,7,H,2,94,f37-1fm,24,2,1,1
mF37-1-1-3,740,433,8,H,2,94,f37-1fm,24,2,1,1
mF37-1-1-3,628,428,9,H,2,95,f37-1fm,24,2,1,1
mF37-1-1-3,604,427,10,H,2,95,f37-1fm,24,2,1,1
mF37-1-1-3,640,419,11,H,2,96,f37-1fm,24,2,1,1
mF37-1-1-3,643,420,12,H,2,96,f37-1fm,24,2,1,1
mF37-1-1-4,3391,818,1,A,3,97,f37-1fm,25,2,1,1
mF37-1-1-4,3347,820,2,A,3,97,f37-1fm,25,2,1,1
mF37-1-1-4,2018,612,3,A,3,98,f37-1fm,25,2,1,1
mF37-1-1-4,1945,596,4,A,3,98,f37-1fm,25,2,1,1
mF37-1-1-4,1554,552,5,A,3,99,f37-1fm,25,2,1,1
mF37-1-1-4,1503,546,6,A,3,99,f37-1fm,25,2,1,1
mF37-1-1-4,1588,731,7,A,3,100,f37-1fm,25,2,1,1
mF37-1-1-4,1558,690,8,A,3,100,f37-1fm,25,2,1,1
mF37-1-1-5,1648,559,9,A,3,101,f37-1fm,26,2,1,1
mF37-1-1-5,1705,557,10,A,3,101,f37-1fm,26,2,1,1
mF37-1-1-5,1623,525,11,A,3,102,f37-1fm,26,2,1,1
mF37-1-1-5,1669,545,12,A,3,102,f37-1fm,26,2,1,1
mF37-1-1-5,1243,493,1,B,3,103,f37-1fm,26,2,1,1
mF37-1-1-5,1216,491,2,B,3,103,f37-1fm,26,2,1,1
mF37-1-1-5,1490,519,3,B,3,104,f37-1fm,26,2,1,1
mF37-1-1-5,1440,520,4,B,3,104,f37-1fm,26,2,1,1
mF37-1-1-6,1232,659,5,B,3,105,f37-1fm,27,2,1,1
mF37-1-1-6,1429,520,6,B,3,105,f37-1fm,27,2,1,1
mF37-1-1-6,2929,683,7,B,3,106,f37-1fm,27,2,1,1
mF37-1-1-6,2722,663,8,B,3,106,f37-1fm,27,2,1,1
mF37-1-1-6,1590,530,9,B,3,107,f37-1fm,27,2,1,1
mF37-1-1-6,1494,534,10,B,3,107,f37-1fm,27,2,1,1
mF37-1-1-6,2271,604,11,B,3,108,f37-1fm,27,2,1,1
mF37-1-1-6,2205,601,12,B,3,108,f37-1fm,27,2,1,1
CT1,653,621,1,A,4,109,ct1,1,0,2,1
CT1,621,618,2,A,4,109,ct1,1,0,2,1
CT1,488,492,3,A,4,110,ct1,1,0,2,1
CT1,492,477,4,A,4,110,ct1,1,0,2,1
CT1,566,515,5,A,4,111,ct1,1,0,2,1
CT1,586,530,6,A,4,111,ct1,1,0,2,1
CT1,530,531,7,A,4,112,ct1,1,0,2,1
CT1,523,515,8,A,4,112,ct1,1,0,2,1
CT1,467,476,9,A,4,113,ct1,1,0,2,2
CT1,466,472,10,A,4,113,ct1,1,0,2,2
CT1,449,447,11,A,4,114,ct1,1,0,2,2
CT1,454,433,12,A,4,114,ct1,1,0,2,2
CT1,468,478,1,B,4,115,ct1,1,0,2,2
CT1,473,484,2,B,4,115,ct1,1,0,2,2
CT1,473,469,3,B,4,116,ct1,1,0,2,2
CT1,477,469,4,B,4,116,ct1,1,0,2,2
CT2,416,405,5,B,4,117,ct2,2,0,2,1
CT2,424,407,6,B,4,117,ct2,2,0,2,1
CT2,556,479,7,B,4,118,ct2,2,0,2,1
CT2,548,475,8,B,4,118,ct2,2,0,2,1
CT2,796,612,9,B,4,119,ct2,2,0,2,1
CT2,809,627,10,B,4,119,ct2,2,0,2,1
CT2,801,640,11,B,4,120,ct2,2,0,2,1
CT2,780,622,12,B,4,120,ct2,2,0,2,1
CT2,612,489,1,C,4,121,ct2,2,0,2,2
CT2,597,488,2,C,4,121,ct2,2,0,2,2
CT2,599,484,3,C,4,122,ct2,2,0,2,2
CT2,584,471,4,C,4,122,ct2,2,0,2,2
CT2,546,457,5,C,4,123,ct2,2,0,2,2
CT2,546,458,6,C,4,123,ct2,2,0,2,2
CT2,571,460,7,C,4,124,ct2,2,0,2,2
CT2,554,446,8,C,4,124,ct2,2,0,2,2
PSA,448,585,9,C,4,125,psa,3,0,2,1
PSA,470,587,10,C,4,125,psa,3,0,2,1
PSA,626,582,11,C,4,126,psa,3,0,2,1
PSA,638,570,12,C,4,126,psa,3,0,2,1
PSA,466,569,1,D,4,127,psa,3,0,2,1
PSA,459,570,2,D,4,127,psa,3,0,2,1
PSA,404,486,3,D,4,128,psa,3,0,2,1
PSA,401,475,4,D,4,128,psa,3,0,2,1
PSA,13157,667,5,D,4,129,psa,3,0,2,2
PSA,14022,717,6,D,4,129,psa,3,0,2,2
PSA,13781,649,7,D,4,130,psa,3,0,2,2
PSA,13387,681,8,D,4,130,psa,3,0,2,2
PSA,9994,628,9,D,4,131,psa,3,0,2,2
PSA,9840,718,10,D,4,131,psa,3,0,2,2
PSA,12878,629,11,D,4,132,psa,3,0,2,2
PSA,12853,657,12,D,4,132,psa,3,0,2,2
F38-4-1,664,584,1,E,4,133,f38-4r,28,0,2,1
F38-4-1,733,573,2,E,4,133,f38-4r,28,0,2,1
F38-4-1,755,610,3,E,4,134,f38-4r,28,0,2,1
F38-4-1,743,602,4,E,4,134,f38-4r,28,0,2,1
F38-4-1,641,524,5,E,4,135,f38-4r,28,0,2,1
F38-4-1,652,537,6,E,4,135,f38-4r,28,0,2,1
F38-4-1,525,472,7,E,4,136,f38-4r,28,0,2,1
F38-4-1,525,475,8,E,4,136,f38-4r,28,0,2,1
F38-4-1,1856,466,9,E,4,137,f38-4r,28,0,2,2
F38-4-1,1871,450,10,E,4,137,f38-4r,28,0,2,2
F38-4-1,3127,499,11,E,4,138,f38-4r,28,0,2,2
F38-4-1,2887,488,12,E,4,138,f38-4r,28,0,2,2
F38-4-1,2076,479,1,F,4,139,f38-4r,28,0,2,2
F38-4-1,2051,467,2,F,4,139,f38-4r,28,0,2,2
F38-4-1,1806,461,3,F,4,140,f38-4r,28,0,2,2
F38-4-1,1812,440,4,F,4,140,f38-4r,28,0,2,2
F38-4-2,678,596,5,F,4,141,f38-4r,29,0,2,1
F38-4-2,760,600,6,F,4,141,f38-4r,29,0,2,1
F38-4-2,627,542,7,F,4,142,f38-4r,29,0,2,1
F38-4-2,634,537,8,F,4,142,f38-4r,29,0,2,1
F38-4-2,628,525,9,F,4,143,f38-4r,29,0,2,1
F38-4-2,607,511,10,F,4,143,f38-4r,29,0,2,1
F38-4-2,570,529,11,F,4,144,f38-4r,29,0,2,1
F38-4-2,564,529,12,F,4,144,f38-4r,29,0,2,1
F38-4-2,3993,574,1,G,4,145,f38-4r,29,0,2,2
F38-4-2,3930,569,2,G,4,145,f38-4r,29,0,2,2
F38-4-2,2832,555,3,G,4,146,f38-4r,29,0,2,2
F38-4-2,2817,526,4,G,4,146,f38-4r,29,0,2,2
F38-4-2,2509,531,5,G,4,147,f38-4r,29,0,2,2
F38-4-2,2538,514,6,G,4,147,f38-4r,29,0,2,2
F38-4-2,2051,501,7,G,4,148,f38-4r,29,0,2,2
F38-4-2,2059,501,8,G,4,148,f38-4r,29,0,2,2
F38-4-3,570,548,9,G,4,149,f38-4r,30,0,2,1
F38-4-3,624,536,10,G,4,149,f38-4r,30,0,2,1
F38-4-3,576,527,11,G,4,150,f38-4r,30,0,2,1
F38-4-3,593,519,12,G,4,150,f38-4r,30,0,2,1
F38-4-3,524,477,1,H,4,151,f38-4r,30,0,2,1
F38-4-3,528,481,2,H,4,151,f38-4r,30,0,2,1
F38-4-3,543,489,3,H,4,152,f38-4r,30,0,2,1
F38-4-3,529,487,4,H,4,152,f38-4r,30,0,2,1
F38-4-3,2201,510,5,H,4,153,f38-4r,30,0,2,2
F38-4-3,2156,488,6,H,4,153,f38-4r,30,0,2,2
F38-4-3,1685,475,7,H,4,154,f38-4r,30,0,2,2
F38-4-3,1762,467,8,H,4,154,f38-4r,30,0,2,2
F38-4-3,1526,459,9,H,4,155,f38-4r,30,0,2,2
F38-4-3,1533,464,10,H,4,155,f38-4r,30,0,2,2
F38-4-3,1740,509,11,H,4,156,f38-4r,30,0,2,2
F38-4-3,1658,503,12,H,4,156,f38-4r,30,0,2,2
F38-4-4,746,628,1,A,5,157,f38-4r,31,0,2,1
F38-4-4,725,596,2,A,5,157,f38-4r,31,0,2,1
F38-4-4,692,594,3,A,5,158,f38-4r,31,0,2,1
F38-4-4,651,584,4,A,5,158,f38-4r,31,0,2,1
F38-4-4,609,566,5,A,5,159,f38-4r,31,0,2,1
F38-4-4,632,575,6,A,5,159,f38-4r,31,0,2,1
F38-4-4,777,648,7,A,5,160,f38-4r,31,0,2,1
F38-4-4,783,676,8,A,5,160,f38-4r,31,0,2,1
F38-4-4,4309,593,9,A,5,161,f38-4r,31,0,2,2
F38-4-4,4272,573,10,A,5,161,f38-4r,31,0,2,2
F38-4-4,3846,597,11,A,5,162,f38-4r,31,0,2,2
F38-4-4,4078,579,12,A,5,162,f38-4r,31,0,2,2
F38-4-4,2670,538,1,B,5,163,f38-4r,31,0,2,2
F38-4-4,2698,525,2,B,5,163,f38-4r,31,0,2,2
F38-4-4,3918,555,3,B,5,164,f38-4r,31,0,2,2
F38-4-4,3726,561,4,B,5,164,f38-4r,31,0,2,2
F38-4-5,724,665,5,B,5,165,f38-4r,32,0,2,1
F38-4-5,824,640,6,B,5,165,f38-4r,32,0,2,1
F38-4-5,783,588,7,B,5,166,f38-4r,32,0,2,1
F38-4-5,765,625,8,B,5,166,f38-4r,32,0,2,1
F38-4-5,770,587,9,B,5,167,f38-4r,32,0,2,1
F38-4-5,741,619,10,B,5,167,f38-4r,32,0,2,1
F38-4-5,536,474,11,B,5,168,f38-4r,32,0,2,1
F38-4-5,520,465,12,B,5,168,f38-4r,32,0,2,1
F38-4-5,4001,573,1,C,5,169,f38-4r,32,0,2,2
F38-4-5,4055,585,2,C,5,169,f38-4r,32,0,2,2
F38-4-5,5433,594,3,C,5,170,f38-4r,32,0,2,2
F38-4-5,5488,593,4,C,5,170,f38-4r,32,0,2,2
F38-4-5,5778,606,5,C,5,171,f38-4r,32,0,2,2
F38-4-5,5693,630,6,C,5,171,f38-4r,32,0,2,2
F38-4-5,4606,568,7,C,5,172,f38-4r,32,0,2,2
F38-4-5,4260,556,8,C,5,172,f38-4r,32,0,2,2
F38-4-6,614,602,9,C,5,173,f38-4r,33,0,2,1
F38-4-6,669,578,10,C,5,173,f38-4r,33,0,2,1
F38-4-6,642,572,11,C,5,174,f38-4r,33,0,2,1
F38-4-6,628,561,12,C,5,174,f38-4r,33,0,2,1
F38-4-6,734,592,1,D,5,175,f38-4r,33,0,2,1
F38-4-6,782,602,2,D,5,175,f38-4r,33,0,2,1
F38-4-6,668,540,3,D,5,176,f38-4r,33,0,2,1
F38-4-6,674,548,4,D,5,176,f38-4r,33,0,2,1
F38-4-6,4005,584,5,D,5,177,f38-4r,33,0,2,2
F38-4-6,4004,572,6,D,5,177,f38-4r,33,0,2,2
F38-4-6,4345,613,7,D,5,178,f38-4r,33,0,2,2
F38-4-6,4228,577,8,D,5,178,f38-4r,33,0,2,2
F38-4-6,4002,569,9,D,5,179,f38-4r,33,0,2,2
F38-4-6,4327,544,10,D,5,179,f38-4r,33,0,2,2
F38-4-6,5000,612,11,D,5,180,f38-4r,33,0,2,2
F38-4-6,4772,616,12,D,5,180,f38-4r,33,0,2,2
mF38-4-1-1,655,583,1,E,5,181,f38-4rm,34,1,2,1
mF38-4-1-1,739,568,2,E,5,181,f38-4rm,34,1,2,1
mF38-4-1-1,770,571,3,E,5,182,f38-4rm,34,1,2,1
mF38-4-1-1,771,557,4,E,5,182,f38-4rm,34,1,2,1
mF38-4-1-1,752,566,5,E,5,183,f38-4rm,34,1,2,1
mF38-4-1-1,752,568,6,E,5,183,f38-4rm,34,1,2,1
mF38-4-1-1,820,558,7,E,5,184,f38-4rm,34,1,2,1
mF38-4-1-1,806,561,8,E,5,184,f38-4rm,34,1,2,1
mF38-4-1-1,6738,553,9,E,5,185,f38-4rm,34,1,2,2
mF38-4-1-1,6572,531,10,E,5,185,f38-4rm,34,1,2,2
mF38-4-1-1,6443,554,11,E,5,186,f38-4rm,34,1,2,2
mF38-4-1-1,5708,546,12,E,5,186,f38-4rm,34,1,2,2
mF38-4-1-1,7587,548,1,F,5,187,f38-4rm,34,1,2,2
mF38-4-1-1,7476,582,2,F,5,187,f38-4rm,34,1,2,2
mF38-4-1-1,10395,600,3,F,5,188,f38-4rm,34,1,2,2
mF38-4-1-1,8506,637,4,F,5,188,f38-4rm,34,1,2,2
mF38-4-1-2,631,544,5,F,5,189,f38-4rm,35,1,2,1
mF38-4-1-2,686,506,6,F,5,189,f38-4rm,35,1,2,1
mF38-4-1-2,657,496,7,F,5,190,f38-4rm,35,1,2,1
mF38-4-1-2,658,495,8,F,5,190,f38-4rm,35,1,2,1
mF38-4-1-2,536,460,9,F,5,191,f38-4rm,35,1,2,1
mF38-4-1-2,561,466,10,F,5,191,f38-4rm,35,1,2,1
mF38-4-1-2,651,502,11,F,5,192,f38-4rm,35,1,2,1
mF38-4-1-2,643,499,12,F,5,192,f38-4rm,35,1,2,1
mF38-4-1-2,6221,530,1,G,5,193,f38-4rm,35,1,2,2
mF38-4-1-2,5409,483,2,G,5,193,f38-4rm,35,1,2,2
mF38-4-1-2,6088,569,3,G,5,194,f38-4rm,35,1,2,2
mF38-4-1-2,6404,557,4,G,5,194,f38-4rm,35,1,2,2
mF38-4-1-2,7959,615,5,G,5,195,f38-4rm,35,1,2,2
mF38-4-1-2,7613,614,6,G,5,195,f38-4rm,35,1,2,2
mF38-4-1-2,7324,629,7,G,5,196,f38-4rm,35,1,2,2
mF38-4-1-2,6926,600,8,G,5,196,f38-4rm,35,1,2,2
mF38-4-1-3,524,523,9,G,5,197,f38-4rm,36,1,2,1
mF38-4-1-3,553,502,10,G,5,197,f38-4rm,36,1,2,1
mF38-4-1-3,548,472,11,G,5,198,f38-4rm,36,1,2,1
mF38-4-1-3,530,466,12,G,5,198,f38-4rm,36,1,2,1
mF38-4-1-3,600,476,1,H,5,199,f38-4rm,36,1,2,1
mF38-4-1-3,595,478,2,H,5,199,f38-4rm,36,1,2,1
mF38-4-1-3,587,514,3,H,5,200,f38-4rm,36,1,2,1
mF38-4-1-3,544,487,4,H,5,200,f38-4rm,36,1,2,1
mF38-4-1-3,3733,510,5,H,5,201,f38-4rm,36,1,2,2
mF38-4-1-3,3760,503,6,H,5,201,f38-4rm,36,1,2,2
mF38-4-1-3,3407,513,7,H,5,202,f38-4rm,36,1,2,2
mF38-4-1-3,3480,505,8,H,5,202,f38-4rm,36,1,2,2
mF38-4-1-3,6069,576,9,H,5,203,f38-4rm,36,1,2,2
mF38-4-1-3,5539,555,10,H,5,203,f38-4rm,36,1,2,2
mF38-4-1-3,5690,544,11,H,5,204,f38-4rm,36,1,2,2
mF38-4-1-3,5486,565,12,H,5,204,f38-4rm,36,1,2,2
mF38-4-1-4,876,657,1,A,6,205,f38-4rm,37,1,2,1
mF38-4-1-4,884,665,2,A,6,205,f38-4rm,37,1,2,1
mF38-4-1-4,920,593,3,A,6,206,f38-4rm,37,1,2,1
mF38-4-1-4,879,591,4,A,6,206,f38-4rm,37,1,2,1
mF38-4-1-4,865,609,5,A,6,207,f38-4rm,37,1,2,1
mF38-4-1-4,863,608,6,A,6,207,f38-4rm,37,1,2,1
mF38-4-1-4,721,541,7,A,6,208,f38-4rm,37,1,2,1
mF38-4-1-4,719,522,8,A,6,208,f38-4rm,37,1,2,1
mF38-4-1-4,4169,540,9,A,6,209,f38-4rm,37,1,2,2
mF38-4-1-4,4102,519,10,A,6,209,f38-4rm,37,1,2,2
mF38-4-1-4,5429,543,11,A,6,210,f38-4rm,37,1,2,2
mF38-4-1-4,5284,539,12,A,6,210,f38-4rm,37,1,2,2
mF38-4-1-4,4190,500,1,B,6,211,f38-4rm,37,1,2,2
mF38-4-1-4,4365,500,2,B,6,211,f38-4rm,37,1,2,2
mF38-4-1-4,6276,570,3,B,6,212,f38-4rm,37,1,2,2
mF38-4-1-4,6181,577,4,B,6,212,f38-4rm,37,1,2,2
mF38-4-1-5,766,665,5,B,6,213,f38-4rm,38,1,2,1
mF38-4-1-5,871,638,6,B,6,213,f38-4rm,38,1,2,1
mF38-4-1-5,724,592,7,B,6,214,f38-4rm,38,1,2,1
mF38-4-1-5,729,582,8,B,6,214,f38-4rm,38,1,2,1
mF38-4-1-5,782,572,9,B,6,215,f38-4rm,38,1,2,1
mF38-4-1-5,787,562,10,B,6,215,f38-4rm,38,1,2,1
mF38-4-1-5,839,595,11,B,6,216,f38-4rm,38,1,2,1
mF38-4-1-5,825,597,12,B,6,216,f38-4rm,38,1,2,1
mF38-4-1-5,6125,571,1,C,6,217,f38-4rm,38,1,2,2
mF38-4-1-5,6111,587,2,C,6,217,f38-4rm,38,1,2,2
mF38-4-1-5,4566,552,3,C,6,218,f38-4rm,38,1,2,2
mF38-4-1-5,4708,545,4,C,6,218,f38-4rm,38,1,2,2
mF38-4-1-5,5486,557,5,C,6,219,f38-4rm,38,1,2,2
mF38-4-1-5,5365,565,6,C,6,219,f38-4rm,38,1,2,2
mF38-4-1-5,5162,547,7,C,6,220,f38-4rm,38,1,2,2
mF38-4-1-5,4764,535,8,C,6,220,f38-4rm,38,1,2,2
mF38-4-1-6,937,751,9,C,6,221,f38-4rm,39,1,2,1
mF38-4-1-6,1003,692,10,C,6,221,f38-4rm,39,1,2,1
mF38-4-1-6,902,625,11,C,6,222,f38-4rm,39,1,2,1
mF38-4-1-6,894,602,12,C,6,222,f38-4rm,39,1,2,1
mF38-4-1-6,828,617,1,D,6,223,f38-4rm,39,1,2,1
mF38-4-1-6,802,630,2,D,6,223,f38-4rm,39,1,2,1
mF38-4-1-6,904,617,3,D,6,224,f38-4rm,39,1,2,1
mF38-4-1-6,924,623,4,D,6,224,f38-4rm,39,1,2,1
mF38-4-1-6,5962,578,5,D,6,225,f38-4rm,39,1,2,2
mF38-4-1-6,5981,562,6,D,6,225,f38-4rm,39,1,2,2
mF38-4-1-6,6437,591,7,D,6,226,f38-4rm,39,1,2,2
mF38-4-1-6,6592,570,8,D,6,226,f38-4rm,39,1,2,2
mF38-4-1-6,5864,540,9,D,6,227,f38-4rm,39,1,2,2
mF38-4-1-6,5708,533,10,D,6,227,f38-4rm,39,1,2,2
mF38-4-1-6,5529,622,11,D,6,228,f38-4rm,39,1,2,2
mF38-4-1-6,5652,591,12,D,6,228,f38-4rm,39,1,2,2
F39-1(reverse),552,654,1,A,7,229,f39-1,40,0,2,1
F39-1(reverse),519,577,2,A,7,230,f39-1,40,0,2,1
F39-1(reverse),521,585,3,A,7,231,f39-1,40,0,2,1
F39-1(reverse),518,558,4,A,7,232,f39-1,40,0,2,1
F39-1(reverse),500,524,5,A,7,233,f39-1,40,0,2,2
F39-1(reverse),520,524,6,A,7,234,f39-1,40,0,2,2
F39-1(reverse),549,555,7,A,7,235,f39-1,40,0,2,2
F39-1(reverse),573,545,8,A,7,236,f39-1,40,0,2,2
F39-2(reverse),492,820,9,A,7,237,f39-2,41,0,2,1
F39-2(reverse),491,554,10,A,7,238,f39-2,41,0,2,1
F39-2(reverse),521,574,11,A,7,239,f39-2,41,0,2,1
F39-2(reverse),508,549,12,A,7,240,f39-2,41,0,2,1
F39-2(reverse),519,516,1,B,7,241,f39-2,41,0,2,2
F39-2(reverse),472,494,2,B,7,242,f39-2,41,0,2,2
F39-2(reverse),506,538,3,B,7,243,f39-2,41,0,2,2
F39-2(reverse),509,544,4,B,7,244,f39-2,41,0,2,2
F39-4(forward),899,624,5,B,7,245,f39-4,42,0,2,1
F39-4(forward),883,621,6,B,7,246,f39-4,42,0,2,1
F39-4(forward),982,677,7,B,7,247,f39-4,42,0,2,1
F39-4(forward),882,656,8,B,7,248,f39-4,42,0,2,1
F39-4(forward),1035,539,9,B,7,249,f39-4,42,0,2,2
F39-4(forward),1031,581,10,B,7,250,f39-4,42,0,2,2
F39-4(forward),1052,564,11,B,7,251,f39-4,42,0,2,2
F39-4(forward),801,517,12,B,7,252,f39-4,42,0,2,2
F39-5(forward),787,646,1,C,7,253,f39-5,43,0,2,1
F39-5(forward),797,582,2,C,7,254,f39-5,43,0,2,1
F39-5(forward),830,607,3,C,7,255,f39-5,43,0,2,1
F39-5(forward),789,593,4,C,7,256,f39-5,43,0,2,1
F39-5(forward),879,531,5,C,7,257,f39-5,43,0,2,2
F39-5(forward),849,496,6,C,7,258,f39-5,43,0,2,2
F39-5(forward),852,515,7,C,7,259,f39-5,43,0,2,2
F39-5(forward),745,499,8,C,7,260,f39-5,43,0,2,2
F40-2(forward),394,553,9,C,7,261,f40-2f,44,0,2,1
F40-2(forward),391,557,10,C,7,262,f40-2f,44,0,2,1
F40-2(forward),392,584,11,C,7,263,f40-2f,44,0,2,1
F40-2(forward),391,531,12,C,7,264,f40-2f,44,0,2,1
F40-2(forward),396,513,1,D,7,265,f40-2f,44,0,2,2
F40-2(forward),392,529,2,D,7,266,f40-2f,44,0,2,2
F40-2(forward),394,490,3,D,7,267,f40-2f,44,0,2,2
F40-2(forward),392,491,4,D,7,268,f40-2f,44,0,2,2
F40-3(forward),1018,674,5,D,7,269,f40-3f,45,0,2,1
F40-3(forward),957,680,6,D,7,270,f40-3f,45,0,2,1
F40-3(forward),877,709,7,D,7,271,f40-3f,45,0,2,1
F40-3(forward),813,618,8,D,7,272,f40-3f,45,0,2,1
F40-3(forward),2400,597,9,D,7,273,f40-3f,45,0,2,2
F40-3(forward),2083,597,10,D,7,274,f40-3f,45,0,2,2
F40-3(forward),1444,537,11,D,7,275,f40-3f,45,0,2,2
F40-3(forward),892,470,12,D,7,276,f40-3f,45,0,2,2
F40-6(reverse),7894,2015,1,E,7,277,f40-6r,46,0,2,1
F40-6(reverse),8660,692,2,E,7,278,f40-6r,46,0,2,1
F40-6(reverse),7328,661,3,E,7,279,f40-6r,46,0,2,1
F40-6(reverse),6937,639,4,E,7,280,f40-6r,46,0,2,1
F40-6(reverse),32256,728,5,E,7,281,f40-6r,46,0,2,2
F40-6(reverse),43380,682,6,E,7,282,f40-6r,46,0,2,2
F40-6(reverse),36980,737,7,E,7,283,f40-6r,46,0,2,2
F40-6(reverse),28694,673,8,E,7,284,f40-6r,46,0,2,2
CT1,780,772,1,A,8,285,ct1,1,0,3,1
CT1,934,885,2,A,8,286,ct1,1,0,3,1
CT1,762,931,3,A,8,287,ct1,1,0,3,1
CT1,743,801,4,A,8,288,ct1,1,0,3,1
CT1,516,571,5,A,8,289,ct1,1,0,3,2
CT1,524,719,6,A,8,290,ct1,1,0,3,2
CT1,465,534,7,A,8,291,ct1,1,0,3,2
CT1,449,534,8,A,8,292,ct1,1,0,3,2
CT2,1201,879,9,A,8,293,ct2,2,0,3,1
CT2,1042,925,10,A,8,294,ct2,2,0,3,1
CT2,1065,873,11,A,8,295,ct2,2,0,3,1
CT2,971,842,12,A,8,296,ct2,2,0,3,1
CT2,787,679,1,B,8,297,ct2,2,0,3,2
CT2,652,616,2,B,8,298,ct2,2,0,3,2
CT2,574,570,3,B,8,299,ct2,2,0,3,2
CT2,706,598,4,B,8,300,ct2,2,0,3,2
PSA,567,720,5,B,8,301,psa,3,0,3,1
PSA,902,1010,6,B,8,302,psa,3,0,3,1
PSA,804,939,7,B,8,303,psa,3,0,3,1
PSA,763,966,8,B,8,304,psa,3,0,3,1
PSA,106704,3534,9,B,8,305,psa,3,0,3,2
PSA,91813,2039,10,B,8,306,psa,3,0,3,2
PSA,81001,1412,11,B,8,307,psa,3,0,3,2
PSA,67469,2100,12,B,8,308,psa,3,0,3,2
F29-1(forward),3575,1174,1,C,8,309,f29-1f,47,0,3,1
F29-1(forward),3927,1301,2,C,8,310,f29-1f,47,0,3,1
F29-1(forward),3999,1261,3,C,8,311,f29-1f,47,0,3,1
F29-1(forward),3095,997,4,C,8,312,f29-1f,47,0,3,1
F29-1(forward),1656,724,5,C,8,313,f29-1f,47,0,3,2
F29-1(forward),1758,803,6,C,8,314,f29-1f,47,0,3,2
F29-1(forward),1458,616,7,C,8,315,f29-1f,47,0,3,2
F29-1(forward),1451,655,8,C,8,316,f29-1f,47,0,3,2
F29-2(forward),2552,1408,9,C,8,317,f29-2f,48,0,3,1
F29-2(forward),3942,1158,10,C,8,318,f29-2f,48,0,3,1
F29-2(forward),4020,1203,11,C,8,319,f29-2f,48,0,3,1
F29-2(forward),2081,790,12,C,8,320,f29-2f,48,0,3,1
F29-2(forward),1642,678,1,D,8,321,f29-2f,48,0,3,2
F29-2(forward),1637,666,2,D,8,322,f29-2f,48,0,3,2
F29-2(forward),1628,689,3,D,8,323,f29-2f,48,0,3,2
F29-2(forward),1450,685,4,D,8,324,f29-2f,48,0,3,2
F29-6(reverse),1318,765,5,D,8,325,f29-6r,49,0,3,1
F29-6(reverse),1946,929,6,D,8,326,f29-6r,49,0,3,1
F29-6(reverse),1810,891,7,D,8,327,f29-6r,49,0,3,1
F29-6(reverse),1321,745,8,D,8,328,f29-6r,49,0,3,1
F29-6(reverse),965,612,9,D,8,329,f29-6r,49,0,3,2
F29-6(reverse),1034,713,10,D,8,330,f29-6r,49,0,3,2
F29-6(reverse),1251,697,11,D,8,331,f29-6r,49,0,3,2
F29-6(reverse),1196,651,12,D,8,332,f29-6r,49,0,3,2
F30-1(forward),1357,1144,1,E,8,333,f30-1f,50,0,3,1
F30-1(forward),1308,905,2,E,8,334,f30-1f,50,0,3,1
F30-1(forward),1431,914,3,E,8,335,f30-1f,50,0,3,1
F30-1(forward),1343,799,4,E,8,336,f30-1f,50,0,3,1
F30-1(forward),3108,890,5,E,8,337,f30-1f,50,0,3,2
F30-1(forward),1512,680,6,E,8,338,f30-1f,50,0,3,2
F30-1(forward),1059,638,7,E,8,339,f30-1f,50,0,3,2
F30-1(forward),5273,763,8,E,8,340,f30-1f,50,0,3,2
F30-2(forward),1319,1083,9,E,8,341,f30-2f,51,0,3,1
F30-2(forward),2810,1291,10,E,8,342,f30-2f,51,0,3,1
F30-2(forward),1752,1153,11,E,8,343,f30-2f,51,0,3,1
F30-2(forward),1249,958,12,E,8,344,f30-2f,51,0,3,1
F30-2(forward),1837,738,1,F,8,345,f30-2f,51,0,3,2
F30-2(forward),1077,677,2,F,8,346,f30-2f,51,0,3,2
F30-2(forward),1521,667,3,F,8,347,f30-2f,51,0,3,2
F30-2(forward),996,662,4,F,8,348,f30-2f,51,0,3,2
F30-4(reverse),5250,1757,5,F,8,349,f30-4r,52,0,3,1
F30-4(reverse),5898,1069,6,F,8,350,f30-4r,52,0,3,1
F30-4(reverse),8265,1204,7,F,8,351,f30-4r,52,0,3,1
F30-4(reverse),5270,856,8,F,8,352,f30-4r,52,0,3,1
F30-4(reverse),3863,766,9,F,8,353,f30-4r,52,0,3,2
F30-4(reverse),6727,913,10,F,8,354,f30-4r,52,0,3,2
F30-4(reverse),3275,693,11,F,8,355,f30-4r,52,0,3,2
F30-4(reverse),3037,711,12,F,8,356,f30-4r,52,0,3,2
F30-5(reverse),5462,1262,1,G,8,357,f30-5r,53,0,3,1
F30-5(reverse),2965,939,2,G,8,358,f30-5r,53,0,3,1
F30-5(reverse),3289,971,3,G,8,359,f30-5r,53,0,3,1
F30-5(reverse),3429,917,4,G,8,360,f30-5r,53,0,3,1
F30-5(reverse),2611,797,5,G,8,361,f30-5r,53,0,3,2
F30-5(reverse),2519,793,6,G,8,362,f30-5r,53,0,3,2
F30-5(reverse),1636,635,7,G,8,363,f30-5r,53,0,3,2
F30-5(reverse),1767,604,8,G,8,364,f30-5r,53,0,3,2
F31-1(reverse),975,1348,9,G,8,365,f31-1r,54,0,3,1
F31-1(reverse),872,976,10,G,8,366,f31-1r,54,0,3,1
F31-1(reverse),732,874,11,G,8,367,f31-1r,54,0,3,1
F31-1(reverse),764,959,12,G,8,368,f31-1r,54,0,3,1
F31-1(reverse),648,708,1,H,8,369,f31-1r,54,0,3,2
F31-1(reverse),635,714,2,H,8,370,f31-1r,54,0,3,2
F31-1(reverse),650,782,3,H,8,371,f31-1r,54,0,3,2
F31-1(reverse),557,575,4,H,8,372,f31-1r,54,0,3,2
F31-2(reverse),926,1168,5,H,8,373,f31-2r,55,0,3,1
F31-2(reverse),662,737,6,H,8,374,f31-2r,55,0,3,1
F31-2(reverse),661,730,7,H,8,375,f31-2r,55,0,3,1
F31-2(reverse),585,684,8,H,8,376,f31-2r,55,0,3,1
F31-2(reverse),522,590,9,H,8,377,f31-2r,55,0,3,2
F31-2(reverse),535,606,10,H,8,378,f31-2r,55,0,3,2
F31-2(reverse),536,580,11,H,8,379,f31-2r,55,0,3,2
F31-2(reverse),488,539,12,H,8,380,f31-2r,55,0,3,2
F31-4(forward),658,636,1,A,9,381,f31-4f,56,0,3,1
F31-4(forward),706,642,2,A,9,382,f31-4f,56,0,3,1
F31-4(forward),685,636,3,A,9,383,f31-4f,56,0,3,1
F31-4(forward),826,734,4,A,9,384,f31-4f,56,0,3,1
F31-4(forward),579,503,5,A,9,385,f31-4f,56,0,3,2
F31-4(forward),669,554,6,A,9,386,f31-4f,56,0,3,2
F31-4(forward),703,633,7,A,9,387,f31-4f,56,0,3,2
F31-4(forward),688,648,8,A,9,388,f31-4f,56,0,3,2
F31-5(forward),535,656,9,A,9,389,f31-5f,57,0,3,1
F31-5(forward),657,793,10,A,9,390,f31-5f,57,0,3,1
F31-5(forward),660,811,11,A,9,391,f31-5f,57,0,3,1
F31-5(forward),725,865,12,A,9,392,f31-5f,57,0,3,1
F31-5(forward),680,694,1,B,9,393,f31-5f,57,0,3,2
F31-5(forward),607,642,2,B,9,394,f31-5f,57,0,3,2
F31-5(forward),553,631,3,B,9,395,f31-5f,57,0,3,2
F31-5(forward),611,702,4,B,9,396,f31-5f,57,0,3,2
F32-1(forward),502,566,5,B,9,397,f32-1f,58,0,3,1
F32-1(forward),490,628,6,B,9,398,f32-1f,58,0,3,1
F32-1(forward),660,830,7,B,9,399,f32-1f,58,0,3,1
F32-1(forward),674,783,8,B,9,400,f32-1f,58,0,3,1
F32-1(forward),603,823,9,B,9,401,f32-1f,58,0,3,2
F32-1(forward),472,585,10,B,9,402,f32-1f,58,0,3,2
F32-1(forward),537,675,11,B,9,403,f32-1f,58,0,3,2
F32-1(forward),519,662,12,B,9,404,f32-1f,58,0,3,2
F32-2(forward),476,587,1,C,9,405,f32-2f,59,0,3,1
F32-2(forward),635,754,2,C,9,406,f32-2f,59,0,3,1
F32-2(forward),604,765,3,C,9,407,f32-2f,59,0,3,1
F32-2(forward),665,813,4,C,9,408,f32-2f,59,0,3,1
F32-2(forward),550,654,5,C,9,409,f32-2f,59,0,3,2
F32-2(forward),534,653,6,C,9,410,f32-2f,59,0,3,2
F32-2(forward),586,677,7,C,9,411,f32-2f,59,0,3,2
F32-2(forward),530,619,8,C,9,412,f32-2f,59,0,3,2
F32-5(reverse),857,682,9,C,9,413,f32-5r,60,0,3,1
F32-5(reverse),855,628,10,C,9,414,f32-5r,60,0,3,1
F32-5(reverse),1175,672,11,C,9,415,f32-5r,60,0,3,1
F32-5(reverse),1056,665,12,C,9,416,f32-5r,60,0,3,1
F32-5(reverse),793,571,1,D,9,417,f32-5r,60,0,3,2
F32-5(reverse),806,549,2,D,9,418,f32-5r,60,0,3,2
F32-5(reverse),975,646,3,D,9,419,f32-5r,60,0,3,2
F32-5(reverse),922,612,4,D,9,420,f32-5r,60,0,3,2
F32-6(reverse),786,633,5,D,9,421,f32-6r,61,0,3,1
F32-6(reverse),928,680,6,D,9,422,f32-6r,61,0,3,1
F32-6(reverse),930,670,7,D,9,423,f32-6r,61,0,3,1
F32-6(reverse),1013,677,8,D,9,424,f32-6r,61,0,3,1
F32-6(reverse),784,654,9,D,9,425,f32-6r,61,0,3,2
F32-6(reverse),804,638,10,D,9,426,f32-6r,61,0,3,2
F32-6(reverse),761,621,11,D,9,427,f32-6r,61,0,3,2
F32-6(reverse),850,679,12,D,9,428,f32-6r,61,0,3,2
F33-1(forward),811,1026,1,E,9,429,f33-1f,62,0,3,1
F33-1(forward),863,975,2,E,9,430,f33-1f,62,0,3,1
F33-1(forward),860,961,3,E,9,431,f33-1f,62,0,3,1
F33-1(forward),948,1070,4,E,9,432,f33-1f,62,0,3,1
F33-1(forward),1100,892,5,E,9,433,f33-1f,62,0,3,2
F33-1(forward),1117,821,6,E,9,434,f33-1f,62,0,3,2
F33-1(forward),1016,766,7,E,9,435,f33-1f,62,0,3,2
F33-1(forward),1098,1040,8,E,9,436,f33-1f,62,0,3,2
F33-2(forward),802,927,9,E,9,437,f33-2f,63,0,3,1
F33-2(forward),836,1066,10,E,9,438,f33-2f,63,0,3,1
F33-2(forward),904,1046,11,E,9,439,f33-2f,63,0,3,1
F33-2(forward),785,875,12,E,9,440,f33-2f,63,0,3,1
F33-2(forward),949,802,1,F,9,441,f33-2f,63,0,3,2
F33-2(forward),1156,1013,2,F,9,442,f33-2f,63,0,3,2
F33-2(forward),1192,872,3,F,9,443,f33-2f,63,0,3,2
F33-2(forward),1054,863,4,F,9,444,f33-2f,63,0,3,2
F33-4(reverse),516,948,5,F,9,445,f33-4r,64,0,3,1
F33-4(reverse),541,941,6,F,9,446,f33-4r,64,0,3,1
F33-4(reverse),527,971,7,F,9,447,f33-4r,64,0,3,1
F33-4(reverse),588,1164,8,F,9,448,f33-4r,64,0,3,1
F33-4(reverse),714,827,9,F,9,449,f33-4r,64,0,3,2
F33-4(reverse),791,860,10,F,9,450,f33-4r,64,0,3,2
F33-4(reverse),724,796,11,F,9,451,f33-4r,64,0,3,2
F33-4(reverse),655,741,12,F,9,452,f33-4r,64,0,3,2
F33-5(reverse),460,708,1,G,9,453,f33-5r,65,0,3,1
F33-5(reverse),551,1024,2,G,9,454,f33-5r,65,0,3,1
F33-5(reverse),558,926,3,G,9,455,f33-5r,65,0,3,1
F33-5(reverse),518,877,4,G,9,456,f33-5r,65,0,3,1
F33-5(reverse),713,771,5,G,9,457,f33-5r,65,0,3,2
F33-5(reverse),770,914,6,G,9,458,f33-5r,65,0,3,2
F33-5(reverse),622,709,7,G,9,459,f33-5r,65,0,3,2
F33-5(reverse),677,725,8,G,9,460,f33-5r,65,0,3,2
F34-3(forward),792,789,9,G,9,461,f34-3f,66,0,3,1
F34-3(forward),942,887,10,G,9,462,f34-3f,66,0,3,1
F34-3(forward),1078,902,11,G,9,463,f34-3f,66,0,3,1
F34-3(forward),941,838,12,G,9,464,f34-3f,66,0,3,1
F34-3(forward),787,759,1,H,9,465,f34-3f,66,0,3,2
F34-3(forward),832,757,2,H,9,466,f34-3f,66,0,3,2
F34-3(forward),789,724,3,H,9,467,f34-3f,66,0,3,2
F34-3(forward),703,684,4,H,9,468,f34-3f,66,0,3,2
F34-5(reverse),1495,979,5,H,9,469,f34-5r,67,0,3,1
F34-5(reverse),1324,1145,6,H,9,470,f34-5r,67,0,3,1
F34-5(reverse),1534,1069,7,H,9,471,f34-5r,67,0,3,1
F34-5(reverse),926,812,8,H,9,472,f34-5r,67,0,3,1
F34-5(reverse),1161,914,9,H,9,473,f34-5r,67,0,3,2
F34-5(reverse),694,751,10,H,9,474,f34-5r,67,0,3,2
F34-5(reverse),654,702,11,H,9,475,f34-5r,67,0,3,2
F34-5(reverse),735,791,12,H,9,476,f34-5r,67,0,3,2
F34-6(reverse),1474,1093,1,A,10,477,f34-6r,68,0,3,1
F34-6(reverse),1124,915,2,A,10,478,f34-6r,68,0,3,1
F34-6(reverse),1067,856,3,A,10,479,f34-6r,68,0,3,1
F34-6(reverse),755,684,4,A,10,480,f34-6r,68,0,3,1
F34-6(reverse),552,637,5,A,10,481,f34-6r,68,0,3,2
F34-6(reverse),707,700,6,A,10,482,f34-6r,68,0,3,2
F34-6(reverse),661,725,7,A,10,483,f34-6r,68,0,3,2
F34-6(reverse),651,684,8,A,10,484,f34-6r,68,0,3,2
F35-3(forward),3080,906,9,A,10,485,f35-3f,69,0,3,1
F35-3(forward),3160,924,10,A,10,486,f35-3f,69,0,3,1
F35-3(forward),2588,1135,11,A,10,487,f35-3f,69,0,3,1
F35-3(forward),2023,704,12,A,10,488,f35-3f,69,0,3,1
F35-3(forward),1600,742,1,B,10,489,f35-3f,69,0,3,2
F35-3(forward),1973,762,2,B,10,490,f35-3f,69,0,3,2
F35-3(forward),1637,728,3,B,10,491,f35-3f,69,0,3,2
F35-3(forward),1768,792,4,B,10,492,f35-3f,69,0,3,2
F35-4(reverse),1463,967,5,B,10,493,f35-4r,70,0,3,1
F35-4(reverse),2805,1217,6,B,10,494,f35-4r,70,0,3,1
F35-4(reverse),2050,997,7,B,10,495,f35-4r,70,0,3,1
F35-4(reverse),2291,1013,8,B,10,496,f35-4r,70,0,3,1
F35-4(reverse),1600,822,9,B,10,497,f35-4r,70,0,3,2
F35-4(reverse),1728,814,10,B,10,498,f35-4r,70,0,3,2
F35-4(reverse),1830,889,11,B,10,499,f35-4r,70,0,3,2
F35-4(reverse),1630,738,12,B,10,500,f35-4r,70,0,3,2
F35-6(reverse),2414,936,1,C,10,501,f35-6r,71,0,3,1
F35-6(reverse),2164,965,2,C,10,502,f35-6r,71,0,3,1
F35-6(reverse),2241,967,3,C,10,503,f35-6r,71,0,3,1
F35-6(reverse),1829,907,4,C,10,504,f35-6r,71,0,3,1
F35-6(reverse),1462,754,5,C,10,505,f35-6r,71,0,3,2
F35-6(reverse),1880,767,6,C,10,506,f35-6r,71,0,3,2
F35-6(reverse),1243,716,7,C,10,507,f35-6r,71,0,3,2
F35-6(reverse),1488,785,8,C,10,508,f35-6r,71,0,3,2
F36-1(forward),624,860,9,C,10,509,f36-1f,72,0,3,1
F36-1(forward),661,797,10,C,10,510,f36-1f,72,0,3,1
F36-1(forward),558,675,11,C,10,511,f36-1f,72,0,3,1
F36-1(forward),612,771,12,C,10,512,f36-1f,72,0,3,1
F36-1(forward),820,741,1,D,10,513,f36-1f,72,0,3,2
F36-1(forward),790,667,2,D,10,514,f36-1f,72,0,3,2
F36-1(forward),807,724,3,D,10,515,f36-1f,72,0,3,2
F36-1(forward),766,655,4,D,10,516,f36-1f,72,0,3,2
F36-6(reverse),448,588,5,D,10,517,f36-6r,73,0,3,1
F36-6(reverse),543,685,6,D,10,518,f36-6r,73,0,3,1
F36-6(reverse),565,790,7,D,10,519,f36-6r,73,0,3,1
F36-6(reverse),866,683,8,D,10,520,f36-6r,73,0,3,1
F36-6(reverse),670,673,9,D,10,521,f36-6r,73,0,3,2
F36-6(reverse),650,658,10,D,10,522,f36-6r,73,0,3,2
F36-6(reverse),652,643,11,D,10,523,f36-6r,73,0,3,2
F36-6(reverse),600,676,12,D,10,524,f36-6r,73,0,3,2
F37-1(forward),2866,1060,1,E,10,525,f37-1f,74,0,3,1
F37-1(forward),4818,820,2,E,10,526,f37-1f,74,0,3,1
F37-1(forward),3963,766,3,E,10,527,f37-1f,74,0,3,1
F37-1(forward),3253,672,4,E,10,528,f37-1f,74,0,3,1
F37-1(forward),1635,520,5,E,10,529,f37-1f,74,0,3,2
F37-1(forward),2640,704,6,E,10,530,f37-1f,74,0,3,2
F37-1(forward),2143,668,7,E,10,531,f37-1f,74,0,3,2
F37-1(forward),2433,676,8,E,10,532,f37-1f,74,0,3,2
F37-2(forward),3629,920,9,E,10,533,f37-2f,75,0,3,1
F37-2(forward),3004,654,10,E,10,534,f37-2f,75,0,3,1
F37-2(forward),4225,811,11,E,10,535,f37-2f,75,0,3,1
F37-2(forward),3534,692,12,E,10,536,f37-2f,75,0,3,1
F37-2(forward),2744,682,1,F,10,537,f37-2f,75,0,3,2
F37-2(forward),2311,677,2,F,10,538,f37-2f,75,0,3,2
F37-2(forward),2224,677,3,F,10,539,f37-2f,75,0,3,2
F37-2(forward),2042,643,4,F,10,540,f37-2f,75,0,3,2
F37-5(reverse),801,752,5,F,10,541,f37-5r,76,0,3,1
F37-5(reverse),845,690,6,F,10,542,f37-5r,76,0,3,1
F37-5(reverse),860,719,7,F,10,543,f37-5r,76,0,3,1
F37-5(reverse),795,552,8,F,10,544,f37-5r,76,0,3,1
F37-5(reverse),735,640,9,F,10,545,f37-5r,76,0,3,2
F37-5(reverse),601,595,10,F,10,546,f37-5r,76,0,3,2
F37-5(reverse),742,699,11,F,10,547,f37-5r,76,0,3,2
F37-5(reverse),711,629,12,F,10,548,f37-5r,76,0,3,2
F37-6(reverse),880,675,1,G,10,549,f37-6r,77,0,3,1
F37-6(reverse),985,706,2,G,10,550,f37-6r,77,0,3,1
F37-6(reverse),1159,810,3,G,10,551,f37-6r,77,0,3,1
F37-6(reverse),907,702,4,G,10,552,f37-6r,77,0,3,1
F37-6(reverse),736,654,5,G,10,553,f37-6r,77,0,3,2
F37-6(reverse),1230,685,6,G,10,554,f37-6r,77,0,3,2
F37-6(reverse),922,752,7,G,10,555,f37-6r,77,0,3,2
F37-6(reverse),669,663,8,G,10,556,f37-6r,77,0,3,2
F38-3(forward),556,631,9,G,10,557,f38-3f,78,0,3,1
F38-3(forward),596,641,10,G,10,558,f38-3f,78,0,3,1
F38-3(forward),604,663,11,G,10,559,f38-3f,78,0,3,1
F38-3(forward),543,611,12,G,10,560,f38-3f,78,0,3,1
F38-3(forward),680,614,1,H,10,561,f38-3f,78,0,3,2
F38-3(forward),734,674,2,H,10,562,f38-3f,78,0,3,2
F38-3(forward),647,516,3,H,10,563,f38-3f,78,0,3,2
F38-3(forward),594,614,4,H,10,564,f38-3f,78,0,3,2
F38-4(reverse),661,573,5,H,10,565,f38-4r,79,0,3,1
F38-4(reverse),807,655,6,H,10,566,f38-4r,79,0,3,1
F38-4(reverse),813,631,7,H,10,567,f38-4r,79,0,3,1
F38-4(reverse),883,586,8,H,10,568,f38-4r,79,0,3,1
F38-4(reverse),3655,586,9,H,10,569,f38-4r,79,0,3,2
F38-4(reverse),5198,637,10,H,10,570,f38-4r,79,0,3,2
F38-4(reverse),3626,627,11,H,10,571,f38-4r,79,0,3,2
F38-4(reverse),4163,621,12,H,10,572,f38-4r,79,0,3,2
F38-6(reverse),1332,952,1,A,11,573,f38-6r,80,0,3,1
F38-6(reverse),1184,829,2,A,11,574,f38-6r,80,0,3,1
F38-6(reverse),1116,821,3,A,11,575,f38-6r,80,0,3,1
F38-6(reverse),1155,765,4,A,11,576,f38-6r,80,0,3,1
F38-6(reverse),3744,833,5,A,11,577,f38-6r,80,0,3,2
F38-6(reverse),4158,823,6,A,11,578,f38-6r,80,0,3,2
F38-6(reverse),3969,811,7,A,11,579,f38-6r,80,0,3,2
F38-6(reverse),3237,707,8,A,11,580,f38-6r,80,0,3,2
FoxA1-1-8(forward),1460,720,9,A,11,581,foxa1-1-8f,81,0,3,1
FoxA1-1-8(forward),2886,1079,10,A,11,582,foxa1-1-8f,81,0,3,1
FoxA1-1-8(forward),2199,976,11,A,11,583,foxa1-1-8f,81,0,3,1
FoxA1-1-8(forward),1991,828,12,A,11,584,foxa1-1-8f,81,0,3,1
FoxA1-1-8(forward),1971,810,1,B,11,585,foxa1-1-8f,81,0,3,2
FoxA1-1-8(forward),2010,806,2,B,11,586,foxa1-1-8f,81,0,3,2
FoxA1-1-8(forward),1997,764,3,B,11,587,foxa1-1-8f,81,0,3,2
FoxA1-1-8(forward),1838,771,4,B,11,588,foxa1-1-8f,81,0,3,2
FoxA1-1-12(reverse),826,1077,5,B,11,589,foxa1-1-12r,82,0,3,1
FoxA1-1-12(reverse),963,1153,6,B,11,590,foxa1-1-12r,82,0,3,1
FoxA1-1-12(reverse),780,869,7,B,11,591,foxa1-1-12r,82,0,3,1
FoxA1-1-12(reverse),851,1015,8,B,11,592,foxa1-1-12r,82,0,3,1
FoxA1-1-12(reverse),1062,946,9,B,11,593,foxa1-1-12r,82,0,3,2
FoxA1-1-12(reverse),904,822,10,B,11,594,foxa1-1-12r,82,0,3,2
FoxA1-1-12(reverse),925,770,11,B,11,595,foxa1-1-12r,82,0,3,2
FoxA1-1-12(reverse),807,691,12,B,11,596,foxa1-1-12r,82,0,3,2
FoxA1-1-2(forward),1585,899,1,C,11,597,foxa1-1-2f,83,0,3,1
FoxA1-1-2(forward),1690,1087,2,C,11,598,foxa1-1-2f,83,0,3,1
FoxA1-1-2(forward),1812,1013,3,C,11,599,foxa1-1-2f,83,0,3,1
FoxA1-1-2(forward),1578,1003,4,C,11,600,foxa1-1-2f,83,0,3,1
FoxA1-1-2(forward),1466,710,5,C,11,601,foxa1-1-2f,83,0,3,2
FoxA1-1-2(forward),1614,728,6,C,11,602,foxa1-1-2f,83,0,3,2
FoxA1-1-2(forward),1495,728,7,C,11,603,foxa1-1-2f,83,0,3,2
FoxA1-1-2(forward),1736,759,8,C,11,604,foxa1-1-2f,83,0,3,2
FoxA1-1-6(reverse),710,974,9,C,11,605,foxa1-1-6r,84,0,3,1
FoxA1-1-6(reverse),1190,968,10,C,11,606,foxa1-1-6r,84,0,3,1
FoxA1-1-6(reverse),753,846,11,C,11,607,foxa1-1-6r,84,0,3,1
FoxA1-1-6(reverse),736,813,12,C,11,608,foxa1-1-6r,84,0,3,1
FoxA1-1-6(reverse),652,603,1,D,11,609,foxa1-1-6r,84,0,3,2
FoxA1-1-6(reverse),764,710,2,D,11,610,foxa1-1-6r,84,0,3,2
FoxA1-1-6(reverse),803,804,3,D,11,611,foxa1-1-6r,84,0,3,2
FoxA1-1-6(reverse),704,653,4,D,11,612,foxa1-1-6r,84,0,3,2
CT1,504,612,1,A,12,613,ct1,1,0,4,1
CT1,526,582,2,A,12,614,ct1,1,0,4,1
CT1,701,633,3,A,12,615,ct1,1,0,4,1
CT1,614,696,4,A,12,616,ct1,1,0,4,1
CT1,477,562,5,A,12,617,ct1,1,0,4,2
CT1,537,644,6,A,12,618,ct1,1,0,4,2
CT1,490,566,7,A,12,619,ct1,1,0,4,2
CT1,489,541,8,A,12,620,ct1,1,0,4,2
CT2,530,513,9,A,12,621,ct2,2,0,4,1
CT2,496,514,10,A,12,622,ct2,2,0,4,1
CT2,616,547,11,A,12,623,ct2,2,0,4,1
CT2,609,562,12,A,12,624,ct2,2,0,4,1
CT2,500,519,1,B,12,625,ct2,2,0,4,2
CT2,561,569,2,B,12,626,ct2,2,0,4,2
CT2,523,502,3,B,12,627,ct2,2,0,4,2
CT2,477,524,4,B,12,628,ct2,2,0,4,2
PSA,389,625,5,B,12,629,psa,3,0,4,1
PSA,359,707,6,B,12,630,psa,3,0,4,1
PSA,432,708,7,B,12,631,psa,3,0,4,1
PSA,691,784,8,B,12,632,psa,3,0,4,1
PSA,30330,1023,9,B,12,633,psa,3,0,4,2
PSA,41690,1217,10,B,12,634,psa,3,0,4,2
PSA,30982,784,11,B,12,635,psa,3,0,4,2
PSA,31291,798,12,B,12,636,psa,3,0,4,2
F29-1(forward),1307,583,1,C,12,637,f29-1f,47,0,4,1
F29-1(forward),1325,590,2,C,12,638,f29-1f,47,0,4,1
F29-1(forward),1630,576,3,C,12,639,f29-1f,47,0,4,1
F29-1(forward),1656,660,4,C,12,640,f29-1f,47,0,4,1
F29-1(forward),960,499,5,C,12,641,f29-1f,47,0,4,2
F29-1(forward),1362,568,6,C,12,642,f29-1f,47,0,4,2
F29-1(forward),1092,502,7,C,12,643,f29-1f,47,0,4,2
F29-1(forward),1253,552,8,C,12,644,f29-1f,47,0,4,2
F29-2(forward),1151,683,9,C,12,645,f29-2f,48,0,4,1
F29-2(forward),1372,587,10,C,12,646,f29-2f,48,0,4,1
F29-2(forward),1289,545,11,C,12,647,f29-2f,48,0,4,1
F29-2(forward),1497,623,12,C,12,648,f29-2f,48,0,4,1
F29-2(forward),1296,607,1,D,12,649,f29-2f,48,0,4,2
F29-2(forward),1187,547,2,D,12,650,f29-2f,48,0,4,2
F29-2(forward),1126,523,3,D,12,651,f29-2f,48,0,4,2
F29-2(forward),1201,546,4,D,12,652,f29-2f,48,0,4,2
F29-6(reverse),856,566,5,D,12,653,f29-6r,49,0,4,1
F29-6(reverse),1199,696,6,D,12,654,f29-6r,49,0,4,1
F29-6(reverse),1106,656,7,D,12,655,f29-6r,49,0,4,1
F29-6(reverse),1215,682,8,D,12,656,f29-6r,49,0,4,1
F29-6(reverse),745,509,9,D,12,657,f29-6r,49,0,4,2
F29-6(reverse),860,531,10,D,12,658,f29-6r,49,0,4,2
F29-6(reverse),937,544,11,D,12,659,f29-6r,49,0,4,2
F29-6(reverse),903,559,12,D,12,660,f29-6r,49,0,4,2
F30-1(forward),937,871,1,E,12,661,f30-1f,50,0,4,1
F30-1(forward),1633,817,2,E,12,662,f30-1f,50,0,4,1
F30-1(forward),1288,740,3,E,12,663,f30-1f,50,0,4,1
F30-1(forward),1009,759,4,E,12,664,f30-1f,50,0,4,1
F30-1(forward),1500,570,5,E,12,665,f30-1f,50,0,4,2
F30-1(forward),1212,554,6,E,12,666,f30-1f,50,0,4,2
F30-1(forward),1051,584,7,E,12,667,f30-1f,50,0,4,2
F30-1(forward),1675,579,8,E,12,668,f30-1f,50,0,4,2
F30-2(forward),981,824,9,E,12,669,f30-2f,51,0,4,1
F30-2(forward),1192,970,10,E,12,670,f30-2f,51,0,4,1
F30-2(forward),955,757,11,E,12,671,f30-2f,51,0,4,1
F30-2(forward),924,747,12,E,12,672,f30-2f,51,0,4,1
F30-2(forward),793,545,1,F,12,673,f30-2f,51,0,4,2
F30-2(forward),1383,590,2,F,12,674,f30-2f,51,0,4,2
F30-2(forward),902,558,3,F,12,675,f30-2f,51,0,4,2
F30-2(forward),1235,595,4,F,12,676,f30-2f,51,0,4,2
F30-4(reverse),4485,1504,5,F,12,677,f30-4r,52,0,4,1
F30-4(reverse),5633,905,6,F,12,678,f30-4r,52,0,4,1
F30-4(reverse),6245,849,7,F,12,679,f30-4r,52,0,4,1
F30-4(reverse),4425,757,8,F,12,680,f30-4r,52,0,4,1
F30-4(reverse),3035,587,9,F,12,681,f30-4r,52,0,4,2
F30-4(reverse),3343,619,10,F,12,682,f30-4r,52,0,4,2
F30-4(reverse),3182,652,11,F,12,683,f30-4r,52,0,4,2
F30-4(reverse),2943,930,12,F,12,684,f30-4r,52,0,4,2
F30-5(reverse),2814,838,1,G,12,685,f30-5r,53,0,4,1
F30-5(reverse),3081,764,2,G,12,686,f30-5r,53,0,4,1
F30-5(reverse),2278,664,3,G,12,687,f30-5r,53,0,4,1
F30-5(reverse),2207,719,4,G,12,688,f30-5r,53,0,4,1
F30-5(reverse),1193,531,5,G,12,689,f30-5r,53,0,4,2
F30-5(reverse),1358,514,6,G,12,690,f30-5r,53,0,4,2
F30-5(reverse),1371,527,7,G,12,691,f30-5r,53,0,4,2
F30-5(reverse),1378,525,8,G,12,692,f30-5r,53,0,4,2
F31-1(reverse),608,810,9,G,12,693,f31-1r,54,0,4,1
F31-1(reverse),630,748,10,G,12,694,f31-1r,54,0,4,1
F31-1(reverse),700,835,11,G,12,695,f31-1r,54,0,4,1
F31-1(reverse),519,617,12,G,12,696,f31-1r,54,0,4,1
F31-1(reverse),512,568,1,H,12,697,f31-1r,54,0,4,2
F31-1(reverse),533,524,2,H,12,698,f31-1r,54,0,4,2
F31-1(reverse),547,581,3,H,12,699,f31-1r,54,0,4,2
F31-1(reverse),448,519,4,H,12,700,f31-1r,54,0,4,2
F31-2(reverse),712,781,5,H,12,701,f31-2r,55,0,4,1
F31-2(reverse),683,743,6,H,12,702,f31-2r,55,0,4,1
F31-2(reverse),615,752,7,H,12,703,f31-2r,55,0,4,1
F31-2(reverse),716,709,8,H,12,704,f31-2r,55,0,4,1
F31-2(reverse),531,472,9,H,12,705,f31-2r,55,0,4,2
F31-2(reverse),534,562,10,H,12,706,f31-2r,55,0,4,2
F31-2(reverse),484,520,11,H,12,707,f31-2r,55,0,4,2
F31-2(reverse),606,571,12,H,12,708,f31-2r,55,0,4,2
F31-4(forward),792,700,1,A,13,709,f31-4f,56,0,4,1
F31-4(forward),1148,1068,2,A,13,710,f31-4f,56,0,4,1
F31-4(forward),1199,1020,3,A,13,711,f31-4f,56,0,4,1
F31-4(forward),1252,1135,4,A,13,712,f31-4f,56,0,4,1
F31-4(forward),1028,766,5,A,13,713,f31-4f,56,0,4,2
F31-4(forward),758,701,6,A,13,714,f31-4f,56,0,4,2
F31-4(forward),924,646,7,A,13,715,f31-4f,56,0,4,2
F31-4(forward),976,749,8,A,13,716,f31-4f,56,0,4,2
F31-5(forward),622,722,9,A,13,717,f31-5f,57,0,4,1
F31-5(forward),659,874,10,A,13,718,f31-5f,57,0,4,1
F31-5(forward),796,986,11,A,13,719,f31-5f,57,0,4,1
F31-5(forward),770,928,12,A,13,720,f31-5f,57,0,4,1
F31-5(forward),584,676,1,B,13,721,f31-5f,57,0,4,2
F31-5(forward),617,730,2,B,13,722,f31-5f,57,0,4,2
F31-5(forward),629,666,3,B,13,723,f31-5f,57,0,4,2
F31-5(forward),656,684,4,B,13,724,f31-5f,57,0,4,2
F32-1(forward),589,834,5,B,13,725,f32-1f,58,0,4,1
F32-1(forward),762,940,6,B,13,726,f32-1f,58,0,4,1
F32-1(forward),765,1010,7,B,13,727,f32-1f,58,0,4,1
F32-1(forward),623,789,8,B,13,728,f32-1f,58,0,4,1
F32-1(forward),616,694,9,B,13,729,f32-1f,58,0,4,2
F32-1(forward),555,723,10,B,13,730,f32-1f,58,0,4,2
F32-1(forward),579,669,11,B,13,731,f32-1f,58,0,4,2
F32-1(forward),594,705,12,B,13,732,f32-1f,58,0,4,2
F32-2(forward),642,764,1,C,13,733,f32-2f,59,0,4,1
F32-2(forward),806,1093,2,C,13,734,f32-2f,59,0,4,1
F32-2(forward),984,1071,3,C,13,735,f32-2f,59,0,4,1
F32-2(forward),844,982,4,C,13,736,f32-2f,59,0,4,1
F32-2(forward),638,687,5,C,13,737,f32-2f,59,0,4,2
F32-2(forward),548,661,6,C,13,738,f32-2f,59,0,4,2
F32-2(forward),660,658,7,C,13,739,f32-2f,59,0,4,2
F32-2(forward),642,643,8,C,13,740,f32-2f,59,0,4,2
F32-5(reverse),1449,840,9,C,13,741,f32-5r,60,0,4,1
F32-5(reverse),1658,841,10,C,13,742,f32-5r,60,0,4,1
F32-5(reverse),1613,825,11,C,13,743,f32-5r,60,0,4,1
F32-5(reverse),1521,819,12,C,13,744,f32-5r,60,0,4,1
F32-5(reverse),1245,637,1,D,13,745,f32-5r,60,0,4,2
F32-5(reverse),991,570,2,D,13,746,f32-5r,60,0,4,2
F32-5(reverse),671,458,3,D,13,747,f32-5r,60,0,4,2
F32-5(reverse),1007,618,4,D,13,748,f32-5r,60,0,4,2
F32-6(reverse),998,736,5,D,13,749,f32-6r,61,0,4,1
F32-6(reverse),1278,838,6,D,13,750,f32-6r,61,0,4,1
F32-6(reverse),1171,836,7,D,13,751,f32-6r,61,0,4,1
F32-6(reverse),1036,804,8,D,13,752,f32-6r,61,0,4,1
F32-6(reverse),1018,765,9,D,13,753,f32-6r,61,0,4,2
F32-6(reverse),1057,756,10,D,13,754,f32-6r,61,0,4,2
F32-6(reverse),856,638,11,D,13,755,f32-6r,61,0,4,2
F32-6(reverse),926,605,12,D,13,756,f32-6r,61,0,4,2
F33-1(forward),545,757,1,E,13,757,f33-1f,62,0,4,1
F33-1(forward),551,687,2,E,13,758,f33-1f,62,0,4,1
F33-1(forward),542,648,3,E,13,759,f33-1f,62,0,4,1
F33-1(forward),527,660,4,E,13,760,f33-1f,62,0,4,1
F33-1(forward),630,517,5,E,13,761,f33-1f,62,0,4,2
F33-1(forward),596,526,6,E,13,762,f33-1f,62,0,4,2
F33-1(forward),633,579,7,E,13,763,f33-1f,62,0,4,2
F33-1(forward),848,665,8,E,13,764,f33-1f,62,0,4,2
F33-2(forward),604,742,9,E,13,765,f33-2f,63,0,4,1
F33-2(forward),692,747,10,E,13,766,f33-2f,63,0,4,1
F33-2(forward),575,663,11,E,13,767,f33-2f,63,0,4,1
F33-2(forward),537,586,12,E,13,768,f33-2f,63,0,4,1
F33-2(forward),557,519,1,F,13,769,f33-2f,63,0,4,2
F33-2(forward),729,603,2,F,13,770,f33-2f,63,0,4,2
F33-2(forward),661,564,3,F,13,771,f33-2f,63,0,4,2
F33-2(forward),603,552,4,F,13,772,f33-2f,63,0,4,2
F33-4(reverse),459,688,5,F,13,773,f33-4r,64,0,4,1
F33-4(reverse),441,662,6,F,13,774,f33-4r,64,0,4,1
F33-4(reverse),450,768,7,F,13,775,f33-4r,64,0,4,1
F33-4(reverse),477,797,8,F,13,776,f33-4r,64,0,4,1
F33-4(reverse),583,608,9,F,13,777,f33-4r,64,0,4,2
F33-4(reverse),757,644,10,F,13,778,f33-4r,64,0,4,2
F33-4(reverse),583,621,11,F,13,779,f33-4r,64,0,4,2
F33-4(reverse),599,682,12,F,13,780,f33-4r,64,0,4,2
F33-5(reverse),469,829,1,G,13,781,f33-5r,65,0,4,1
F33-5(reverse),436,718,2,G,13,782,f33-5r,65,0,4,1
F33-5(reverse),492,836,3,G,13,783,f33-5r,65,0,4,1
F33-5(reverse),462,769,4,G,13,784,f33-5r,65,0,4,1
F33-5(reverse),552,655,5,G,13,785,f33-5r,65,0,4,2
F33-5(reverse),612,704,6,G,13,786,f33-5r,65,0,4,2
F33-5(reverse),607,687,7,G,13,787,f33-5r,65,0,4,2
F33-5(reverse),555,612,8,G,13,788,f33-5r,65,0,4,2
F34-3(forward),738,816,9,G,13,789,f34-3f,66,0,4,1
F34-3(forward),821,852,10,G,13,790,f34-3f,66,0,4,1
F34-3(forward),880,1096,11,G,13,791,f34-3f,66,0,4,1
F34-3(forward),657,707,12,G,13,792,f34-3f,66,0,4,1
F34-3(forward),597,620,1,H,13,793,f34-3f,66,0,4,2
F34-3(forward),588,619,2,H,13,794,f34-3f,66,0,4,2
F34-3(forward),608,572,3,H,13,795,f34-3f,66,0,4,2
F34-3(forward),606,574,4,H,13,796,f34-3f,66,0,4,2
F34-5(reverse),904,791,5,H,13,797,f34-5r,67,0,4,1
F34-5(reverse),801,668,6,H,13,798,f34-5r,67,0,4,1
F34-5(reverse),786,802,7,H,13,799,f34-5r,67,0,4,1
F34-5(reverse),919,737,8,H,13,800,f34-5r,67,0,4,1
F34-5(reverse),592,635,9,H,13,801,f34-5r,67,0,4,2
F34-5(reverse),572,620,10,H,13,802,f34-5r,67,0,4,2
F34-5(reverse),616,646,11,H,13,803,f34-5r,67,0,4,2
F34-5(reverse),598,592,12,H,13,804,f34-5r,67,0,4,2
F34-6(reverse),613,610,1,A,14,805,f34-6r,68,0,4,1
F34-6(reverse),731,652,2,A,14,806,f34-6r,68,0,4,1
F34-6(reverse),646,608,3,A,14,807,f34-6r,68,0,4,1
F34-6(reverse),584,559,4,A,14,808,f34-6r,68,0,4,1
F34-6(reverse),471,500,5,A,14,809,f34-6r,68,0,4,2
F34-6(reverse),569,604,6,A,14,810,f34-6r,68,0,4,2
F34-6(reverse),524,553,7,A,14,811,f34-6r,68,0,4,2
F34-6(reverse),481,519,8,A,14,812,f34-6r,68,0,4,2
F35-3(forward),1811,695,9,A,14,813,f35-3f,69,0,4,1
F35-3(forward),1260,584,10,A,14,814,f35-3f,69,0,4,1
F35-3(forward),1347,582,11,A,14,815,f35-3f,69,0,4,1
F35-3(forward),1140,548,12,A,14,816,f35-3f,69,0,4,1
F35-3(forward),1178,587,1,B,14,817,f35-3f,69,0,4,2
F35-3(forward),1138,546,2,B,14,818,f35-3f,69,0,4,2
F35-3(forward),1159,595,3,B,14,819,f35-3f,69,0,4,2
F35-3(forward),1207,591,4,B,14,820,f35-3f,69,0,4,2
F35-4(reverse),1080,733,5,B,14,821,f35-4r,70,0,4,1
F35-4(reverse),1286,668,6,B,14,822,f35-4r,70,0,4,1
F35-4(reverse),1470,702,7,B,14,823,f35-4r,70,0,4,1
F35-4(reverse),1118,648,8,B,14,824,f35-4r,70,0,4,1
F35-4(reverse),1018,555,9,B,14,825,f35-4r,70,0,4,2
F35-4(reverse),1073,562,10,B,14,826,f35-4r,70,0,4,2
F35-4(reverse),1108,693,11,B,14,827,f35-4r,70,0,4,2
F35-4(reverse),1119,599,12,B,14,828,f35-4r,70,0,4,2
F35-6(reverse),1083,627,1,C,14,829,f35-6r,71,0,4,1
F35-6(reverse),1324,687,2,C,14,830,f35-6r,71,0,4,1
F35-6(reverse),1147,648,3,C,14,831,f35-6r,71,0,4,1
F35-6(reverse),1135,696,4,C,14,832,f35-6r,71,0,4,1
F35-6(reverse),879,531,5,C,14,833,f35-6r,71,0,4,2
F35-6(reverse),1028,614,6,C,14,834,f35-6r,71,0,4,2
F35-6(reverse),1043,559,7,C,14,835,f35-6r,71,0,4,2
F35-6(reverse),1071,1515,8,C,14,836,f35-6r,71,0,4,2
F36-1(forward),477,635,9,C,14,837,f36-1f,72,0,4,1
F36-1(forward),530,659,10,C,14,838,f36-1f,72,0,4,1
F36-1(forward),481,563,11,C,14,839,f36-1f,72,0,4,1
F36-1(forward),480,605,12,C,14,840,f36-1f,72,0,4,1
F36-1(forward),682,673,1,D,14,841,f36-1f,72,0,4,2
F36-1(forward),667,608,2,D,14,842,f36-1f,72,0,4,2
F36-1(forward),543,556,3,D,14,843,f36-1f,72,0,4,2
F36-1(forward),909,612,4,D,14,844,f36-1f,72,0,4,2
F36-6(reverse),549,711,5,D,14,845,f36-6r,73,0,4,1
F36-6(reverse),485,602,6,D,14,846,f36-6r,73,0,4,1
F36-6(reverse),459,568,7,D,14,847,f36-6r,73,0,4,1
F36-6(reverse),431,520,8,D,14,848,f36-6r,73,0,4,1
F36-6(reverse),593,564,9,D,14,849,f36-6r,73,0,4,2
F36-6(reverse),621,609,10,D,14,850,f36-6r,73,0,4,2
F36-6(reverse),511,548,11,D,14,851,f36-6r,73,0,4,2
F36-6(reverse),531,542,12,D,14,852,f36-6r,73,0,4,2
F37-1(forward),1771,848,1,E,14,853,f37-1f,74,0,4,1
F37-1(forward),2665,642,2,E,14,854,f37-1f,74,0,4,1
F37-1(forward),2837,707,3,E,14,855,f37-1f,74,0,4,1
F37-1(forward),4983,960,4,E,14,856,f37-1f,74,0,4,1
F37-1(forward),2460,689,5,E,14,857,f37-1f,74,0,4,2
F37-1(forward),2862,772,6,E,14,858,f37-1f,74,0,4,2
F37-1(forward),2385,755,7,E,14,859,f37-1f,74,0,4,2
F37-1(forward),2023,688,8,E,14,860,f37-1f,74,0,4,2
F37-2(forward),4209,791,9,E,14,861,f37-2f,75,0,4,1
F37-2(forward),3049,692,10,E,14,862,f37-2f,75,0,4,1
F37-2(forward),4679,823,11,E,14,863,f37-2f,75,0,4,1
F37-2(forward),5046,940,12,E,14,864,f37-2f,75,0,4,1
F37-2(forward),1690,641,1,F,14,865,f37-2f,75,0,4,2
F37-2(forward),1866,654,2,F,14,866,f37-2f,75,0,4,2
F37-2(forward),1863,650,3,F,14,867,f37-2f,75,0,4,2
F37-2(forward),1761,594,4,F,14,868,f37-2f,75,0,4,2
F37-5(reverse),705,789,5,F,14,869,f37-5r,76,0,4,1
F37-5(reverse),917,765,6,F,14,870,f37-5r,76,0,4,1
F37-5(reverse),938,828,7,F,14,871,f37-5r,76,0,4,1
F37-5(reverse),1043,956,8,F,14,872,f37-5r,76,0,4,1
F37-5(reverse),757,667,9,F,14,873,f37-5r,76,0,4,2
F37-5(reverse),694,661,10,F,14,874,f37-5r,76,0,4,2
F37-5(reverse),826,722,11,F,14,875,f37-5r,76,0,4,2
F37-5(reverse),650,695,12,F,14,876,f37-5r,76,0,4,2
F37-6(reverse),1062,981,1,G,14,877,f37-6r,77,0,4,1
F37-6(reverse),974,739,2,G,14,878,f37-6r,77,0,4,1
F37-6(reverse),818,742,3,G,14,879,f37-6r,77,0,4,1
F37-6(reverse),948,793,4,G,14,880,f37-6r,77,0,4,1
F37-6(reverse),660,614,5,G,14,881,f37-6r,77,0,4,2
F37-6(reverse),679,664,6,G,14,882,f37-6r,77,0,4,2
F37-6(reverse),643,616,7,G,14,883,f37-6r,77,0,4,2
F37-6(reverse),649,592,8,G,14,884,f37-6r,77,0,4,2
F38-3(forward),592,728,9,G,14,885,f38-3f,78,0,4,1
F38-3(forward),627,724,10,G,14,886,f38-3f,78,0,4,1
F38-3(forward),602,721,11,G,14,887,f38-3f,78,0,4,1
F38-3(forward),588,731,12,G,14,888,f38-3f,78,0,4,1
F38-3(forward),601,600,1,H,14,889,f38-3f,78,0,4,2
F38-3(forward),658,591,2,H,14,890,f38-3f,78,0,4,2
F38-3(forward),627,628,3,H,14,891,f38-3f,78,0,4,2
F38-3(forward),582,548,4,H,14,892,f38-3f,78,0,4,2
F38-4(reverse),675,639,5,H,14,893,f38-4r,79,0,4,1
F38-4(reverse),855,746,6,H,14,894,f38-4r,79,0,4,1
F38-4(reverse),755,647,7,H,14,895,f38-4r,79,0,4,1
F38-4(reverse),747,736,8,H,14,896,f38-4r,79,0,4,1
F38-4(reverse),3171,558,9,H,14,897,f38-4r,79,0,4,2
F38-4(reverse),4591,658,10,H,14,898,f38-4r,79,0,4,2
F38-4(reverse),3991,634,11,H,14,899,f38-4r,79,0,4,2
F38-4(reverse),3049,598,12,H,14,900,f38-4r,79,0,4,2
F38-6(reverse),809,710,1,A,15,901,f38-6r,80,0,4,1
F38-6(reverse),809,643,2,A,15,902,f38-6r,80,0,4,1
F38-6(reverse),936,665,3,A,15,903,f38-6r,80,0,4,1
F38-6(reverse),967,783,4,A,15,904,f38-6r,80,0,4,1
F38-6(reverse),1761,575,5,A,15,905,f38-6r,80,0,4,2
F38-6(reverse),2025,632,6,A,15,906,f38-6r,80,0,4,2
F38-6(reverse),1727,543,7,A,15,907,f38-6r,80,0,4,2
F38-6(reverse),1642,552,8,A,15,908,f38-6r,80,0,4,2
FoxA1-1-8(forward),1116,655,9,A,15,909,foxa1-1-8f,81,0,4,1
FoxA1-1-8(forward),1138,725,10,A,15,910,foxa1-1-8f,81,0,4,1
FoxA1-1-8(forward),1188,681,11,A,15,911,foxa1-1-8f,81,0,4,1
FoxA1-1-8(forward),1212,728,12,A,15,912,foxa1-1-8f,81,0,4,1
FoxA1-1-8(forward),1187,752,1,B,15,913,foxa1-1-8f,81,0,4,2
FoxA1-1-8(forward),993,591,2,B,15,914,foxa1-1-8f,81,0,4,2
FoxA1-1-8(forward),1064,578,3,B,15,915,foxa1-1-8f,81,0,4,2
FoxA1-1-8(forward),994,590,4,B,15,916,foxa1-1-8f,81,0,4,2
FoxA1-1-12(reverse),595,717,5,B,15,917,foxa1-1-12r,82,0,4,1
FoxA1-1-12(reverse),605,714,6,B,15,918,foxa1-1-12r,82,0,4,1
FoxA1-1-12(reverse),588,698,7,B,15,919,foxa1-1-12r,82,0,4,1
FoxA1-1-12(reverse),672,810,8,B,15,920,foxa1-1-12r,82,0,4,1
FoxA1-1-12(reverse),735,744,9,B,15,921,foxa1-1-12r,82,0,4,2
FoxA1-1-12(reverse),567,590,10,B,15,922,foxa1-1-12r,82,0,4,2
FoxA1-1-12(reverse),525,595,11,B,15,923,foxa1-1-12r,82,0,4,2
FoxA1-1-12(reverse),610,612,12,B,15,924,foxa1-1-12r,82,0,4,2
FoxA1-1-2(forward),826,687,1,C,15,925,foxa1-1-2f,83,0,4,1
FoxA1-1-2(forward),980,772,2,C,15,926,foxa1-1-2f,83,0,4,1
FoxA1-1-2(forward),868,696,3,C,15,927,foxa1-1-2f,83,0,4,1
FoxA1-1-2(forward),979,746,4,C,15,928,foxa1-1-2f,83,0,4,1
FoxA1-1-2(forward),999,631,5,C,15,929,foxa1-1-2f,83,0,4,2
FoxA1-1-2(forward),1256,638,6,C,15,930,foxa1-1-2f,83,0,4,2
FoxA1-1-2(forward),1052,655,7,C,15,931,foxa1-1-2f,83,0,4,2
FoxA1-1-2(forward),858,584,8,C,15,932,foxa1-1-2f,83,0,4,2
FoxA1-1-6(reverse),513,630,9,C,15,933,foxa1-1-6r,84,0,4,1
FoxA1-1-6(reverse),579,718,10,C,15,934,foxa1-1-6r,84,0,4,1
FoxA1-1-6(reverse),592,713,11,C,15,935,foxa1-1-6r,84,0,4,1
FoxA1-1-6(reverse),562,709,12,C,15,936,foxa1-1-6r,84,0,4,1
FoxA1-1-6(reverse),470,512,1,D,15,937,foxa1-1-6r,84,0,4,2
FoxA1-1-6(reverse),579,622,2,D,15,938,foxa1-1-6r,84,0,4,2
FoxA1-1-6(reverse),548,602,3,D,15,939,foxa1-1-6r,84,0,4,2
FoxA1-1-6(reverse),542,652,4,D,15,940,foxa1-1-6r,84,0,4,2
CT1,515,507,1,A,16,941,ct1,1,0,5,1
CT1,540,516,2,A,16,941,ct1,1,0,5,1
CT1,523,487,3,A,16,942,ct1,1,0,5,1
CT1,526,489,4,A,16,942,ct1,1,0,5,1
CT1,547,515,5,A,16,943,ct1,1,0,5,1
CT1,550,512,6,A,16,943,ct1,1,0,5,1
CT1,541,497,7,A,16,944,ct1,1,0,5,1
CT1,530,492,8,A,16,944,ct1,1,0,5,1
CT2,606,511,9,A,16,945,ct2,2,0,5,1
CT2,636,521,10,A,16,945,ct2,2,0,5,1
CT2,567,491,11,A,16,946,ct2,2,0,5,1
CT2,574,493,12,A,16,946,ct2,2,0,5,1
CT2,578,527,1,B,16,947,ct2,2,0,5,1
CT2,603,509,2,B,16,947,ct2,2,0,5,1
CT2,578,497,3,B,16,948,ct2,2,0,5,1
CT2,556,485,4,B,16,948,ct2,2,0,5,1
PSA,393,396,5,B,16,949,psa,3,0,5,1
PSA,400,393,6,B,16,949,psa,3,0,5,1
PSA,474,467,7,B,16,950,psa,3,0,5,1
PSA,470,472,8,B,16,950,psa,3,0,5,1
PSA,418,489,9,B,16,951,psa,3,0,5,1
PSA,422,484,10,B,16,951,psa,3,0,5,1
PSA,419,486,11,B,16,952,psa,3,0,5,1
PSA,413,484,12,B,16,952,psa,3,0,5,1
F35-3-1,910,489,1,C,16,953,f35-3f,4,0,5,1
F35-3-1,858,484,2,C,16,953,f35-3f,4,0,5,1
F35-3-1,1025,518,3,C,16,954,f35-3f,4,0,5,1
F35-3-1,1063,522,4,C,16,954,f35-3f,4,0,5,1
F35-3-1,908,486,5,C,16,955,f35-3f,4,0,5,1
F35-3-1,962,474,6,C,16,955,f35-3f,4,0,5,1
F35-3-1,935,491,7,C,16,956,f35-3f,4,0,5,1
F35-3-1,968,502,8,C,16,956,f35-3f,4,0,5,1
F35-3-2,795,444,9,C,16,957,f35-3f,5,0,5,1
F35-3-2,805,458,10,C,16,957,f35-3f,5,0,5,1
F35-3-2,787,443,11,C,16,958,f35-3f,5,0,5,1
F35-3-2,755,436,12,C,16,958,f35-3f,5,0,5,1
F35-3-2,745,459,1,D,16,959,f35-3f,5,0,5,1
F35-3-2,790,475,2,D,16,959,f35-3f,5,0,5,1
F35-3-2,652,467,3,D,16,960,f35-3f,5,0,5,1
F35-3-2,690,436,4,D,16,960,f35-3f,5,0,5,1
F35-3-3,1042,613,5,D,16,961,f35-3f,6,0,5,1
F35-3-3,1094,501,6,D,16,961,f35-3f,6,0,5,1
F35-3-3,1457,563,7,D,16,962,f35-3f,6,0,5,1
F35-3-3,1417,559,8,D,16,962,f35-3f,6,0,5,1
F35-3-3,1428,568,9,D,16,963,f35-3f,6,0,5,1
F35-3-3,1369,568,10,D,16,963,f35-3f,6,0,5,1
F35-3-3,1319,514,11,D,16,964,f35-3f,6,0,5,1
F35-3-3,1249,484,12,D,16,964,f35-3f,6,0,5,1
F35-3-4,824,454,1,E,16,965,f35-3f,7,0,5,1
F35-3-4,855,464,2,E,16,965,f35-3f,7,0,5,1
F35-3-4,776,443,3,E,16,966,f35-3f,7,0,5,1
F35-3-4,752,436,4,E,16,966,f35-3f,7,0,5,1
F35-3-4,719,432,5,E,16,967,f35-3f,7,0,5,1
F35-3-4,721,428,6,E,16,967,f35-3f,7,0,5,1
F35-3-4,676,432,7,E,16,968,f35-3f,7,0,5,1
F35-3-4,670,420,8,E,16,968,f35-3f,7,0,5,1
F35-3-5,1003,606,9,E,16,969,f35-3f,8,0,5,1
F35-3-5,1129,502,10,E,16,969,f35-3f,8,0,5,1
F35-3-5,1292,556,11,E,16,970,f35-3f,8,0,5,1
F35-3-5,1320,560,12,E,16,970,f35-3f,8,0,5,1
F35-3-5,1073,493,1,F,16,971,f35-3f,8,0,5,1
F35-3-5,1074,494,2,F,16,971,f35-3f,8,0,5,1
F35-3-5,1108,516,3,F,16,972,f35-3f,8,0,5,1
F35-3-5,1119,515,4,F,16,972,f35-3f,8,0,5,1
F35-3-6,1034,509,5,F,16,973,f35-3f,9,0,5,1
F35-3-6,1024,501,6,F,16,973,f35-3f,9,0,5,1
F35-3-6,1000,481,7,F,16,974,f35-3f,9,0,5,1
F35-3-6,1029,476,8,F,16,974,f35-3f,9,0,5,1
F35-3-6,906,460,9,F,16,975,f35-3f,9,0,5,1
F35-3-6,910,466,10,F,16,975,f35-3f,9,0,5,1
F35-3-6,916,455,11,F,16,976,f35-3f,9,0,5,1
F35-3-6,869,440,12,F,16,976,f35-3f,9,0,5,1
mF35-3-3-1,1414,741,1,G,16,977,f35-3fm,10,0,5,1
mF35-3-3-1,1704,604,2,G,16,977,f35-3fm,10,0,5,1
mF35-3-3-1,1670,614,3,G,16,978,f35-3fm,10,0,5,1
mF35-3-3-1,1648,591,4,G,16,978,f35-3fm,10,0,5,1
mF35-3-3-1,1598,574,5,G,16,979,f35-3fm,10,0,5,1
mF35-3-3-1,1523,563,6,G,16,979,f35-3fm,10,0,5,1
mF35-3-3-1,1746,610,7,G,16,980,f35-3fm,10,0,5,1
mF35-3-3-1,1746,601,8,G,16,980,f35-3fm,10,0,5,1
mF35-3-3-2,1800,587,9,G,16,981,f35-3fm,11,0,5,1
mF35-3-3-2,1852,595,10,G,16,981,f35-3fm,11,0,5,1
mF35-3-3-2,1769,580,11,G,16,982,f35-3fm,11,0,5,1
mF35-3-3-2,1642,564,12,G,16,982,f35-3fm,11,0,5,1
mF35-3-3-2,1025,489,1,H,16,983,f35-3fm,11,0,5,1
mF35-3-3-2,1047,477,2,H,16,983,f35-3fm,11,0,5,1
mF35-3-3-2,1041,462,3,H,16,984,f35-3fm,11,0,5,1
mF35-3-3-2,1061,464,4,H,16,984,f35-3fm,11,0,5,1
mF35-3-3-3,1286,763,5,H,16,985,f35-3fm,12,0,5,1
mF35-3-3-3,1564,613,6,H,16,985,f35-3fm,12,0,5,1
mF35-3-3-3,1456,584,7,H,16,986,f35-3fm,12,0,5,1
mF35-3-3-3,1459,572,8,H,16,986,f35-3fm,12,0,5,1
mF35-3-3-3,1336,556,9,H,16,987,f35-3fm,12,0,5,1
mF35-3-3-3,1373,553,10,H,16,987,f35-3fm,12,0,5,1
mF35-3-3-3,939,499,11,H,16,988,f35-3fm,12,0,5,1
mF35-3-3-3,1013,500,12,H,16,988,f35-3fm,12,0,5,1
mF35-3-3-4,1192,520,1,A,17,989,f35-3fm,13,0,5,1
mF35-3-3-4,1233,526,2,A,17,989,f35-3fm,13,0,5,1
mF35-3-3-4,1278,510,3,A,17,990,f35-3fm,13,0,5,1
mF35-3-3-4,1292,510,4,A,17,990,f35-3fm,13,0,5,1
mF35-3-3-4,948,435,5,A,17,991,f35-3fm,13,0,5,1
mF35-3-3-4,917,448,6,A,17,991,f35-3fm,13,0,5,1
mF35-3-3-4,925,478,7,A,17,992,f35-3fm,13,0,5,1
mF35-3-3-4,915,458,8,A,17,992,f35-3fm,13,0,5,1
mF35-3-3-5,1239,690,9,A,17,993,f35-3fm,14,0,5,1
mF35-3-3-5,1466,551,10,A,17,993,f35-3fm,14,0,5,1
mF35-3-3-5,1481,588,11,A,17,994,f35-3fm,14,0,5,1
mF35-3-3-5,1500,581,12,A,17,994,f35-3fm,14,0,5,1
mF35-3-3-5,1316,543,1,B,17,995,f35-3fm,14,0,5,1
mF35-3-3-5,1348,542,2,B,17,995,f35-3fm,14,0,5,1
mF35-3-3-5,1688,589,3,B,17,996,f35-3fm,14,0,5,1
mF35-3-3-5,1679,587,4,B,17,996,f35-3fm,14,0,5,1
mF35-3-3-6,1251,510,5,B,17,997,f35-3fm,15,0,5,1
mF35-3-3-6,1187,489,6,B,17,997,f35-3fm,15,0,5,1
mF35-3-3-6,1025,480,7,B,17,998,f35-3fm,15,0,5,1
mF35-3-3-6,1032,473,8,B,17,998,f35-3fm,15,0,5,1
mF35-3-3-6,1060,507,9,B,17,999,f35-3fm,15,0,5,1
mF35-3-3-6,1113,502,10,B,17,999,f35-3fm,15,0,5,1
mF35-3-3-6,996,490,11,B,17,1000,f35-3fm,15,0,5,1
mF35-3-3-6,1011,481,12,B,17,1000,f35-3fm,15,0,5,1
F37-1-1,1750,553,1,C,17,1001,f37-1f,16,0,5,1
F37-1-1,1684,549,2,C,17,1001,f37-1f,16,0,5,1
F37-1-1,1683,537,3,C,17,1002,f37-1f,16,0,5,1
F37-1-1,1544,536,4,C,17,1002,f37-1f,16,0,5,1
F37-1-1,1496,515,5,C,17,1003,f37-1f,16,0,5,1
F37-1-1,1464,510,6,C,17,1003,f37-1f,16,0,5,1
F37-1-1,1300,509,7,C,17,1004,f37-1f,16,0,5,1
F37-1-1,1248,488,8,C,17,1004,f37-1f,16,0,5,1
F37-1-2,1329,502,9,C,17,1005,f37-1f,17,0,5,1
F37-1-2,1353,504,10,C,17,1005,f37-1f,17,0,5,1
F37-1-2,1277,505,11,C,17,1006,f37-1f,17,0,5,1
F37-1-2,1456,510,12,C,17,1006,f37-1f,17,0,5,1
F37-1-2,1318,495,1,D,17,1007,f37-1f,17,0,5,1
F37-1-2,1322,504,2,D,17,1007,f37-1f,17,0,5,1
F37-1-2,1273,470,3,D,17,1008,f37-1f,17,0,5,1
F37-1-2,1251,486,4,D,17,1008,f37-1f,17,0,5,1
F37-1-3,1355,676,5,D,17,1009,f37-1f,18,0,5,1
F37-1-3,1547,530,6,D,17,1009,f37-1f,18,0,5,1
F37-1-3,1761,532,7,D,17,1010,f37-1f,18,0,5,1
F37-1-3,1760,531,8,D,17,1010,f37-1f,18,0,5,1
F37-1-3,1771,536,9,D,17,1011,f37-1f,18,0,5,1
F37-1-3,1588,525,10,D,17,1011,f37-1f,18,0,5,1
F37-1-3,1577,535,11,D,17,1012,f37-1f,18,0,5,1
F37-1-3,1536,528,12,D,17,1012,f37-1f,18,0,5,1
F37-1-4,1656,558,1,E,17,1013,f37-1f,19,0,5,1
F37-1-4,1866,570,2,E,17,1013,f37-1f,19,0,5,1
F37-1-4,1435,528,3,E,17,1014,f37-1f,19,0,5,1
F37-1-4,1355,499,4,E,17,1014,f37-1f,19,0,5,1
F37-1-4,2068,578,5,E,17,1015,f37-1f,19,0,5,1
F37-1-4,2054,554,6,E,17,1015,f37-1f,19,0,5,1
F37-1-4,1623,548,7,E,17,1016,f37-1f,19,0,5,1
F37-1-4,1607,530,8,E,17,1016,f37-1f,19,0,5,1
F37-1-5,1150,615,9,E,17,1017,f37-1f,20,0,5,1
F37-1-5,1302,493,10,E,17,1017,f37-1f,20,0,5,1
F37-1-5,1614,571,11,E,17,1018,f37-1f,20,0,5,1
F37-1-5,1569,529,12,E,17,1018,f37-1f,20,0,5,1
F37-1-5,1770,554,1,F,17,1019,f37-1f,20,0,5,1
F37-1-5,1788,568,2,F,17,1019,f37-1f,20,0,5,1
F37-1-5,1912,528,3,F,17,1020,f37-1f,20,0,5,1
F37-1-5,1944,540,4,F,17,1020,f37-1f,20,0,5,1
F37-1-6,2399,552,5,F,17,1021,f37-1f,21,0,5,1
F37-1-6,2721,546,6,F,17,1021,f37-1f,21,0,5,1
F37-1-6,2304,510,7,F,17,1022,f37-1f,21,0,5,1
F37-1-6,2220,500,8,F,17,1022,f37-1f,21,0,5,1
F37-1-6,2635,533,9,F,17,1023,f37-1f,21,0,5,1
F37-1-6,2720,539,10,F,17,1023,f37-1f,21,0,5,1
F37-1-6,1604,451,11,F,17,1024,f37-1f,21,0,5,1
F37-1-6,1611,450,12,F,17,1024,f37-1f,21,0,5,1
mF37-1-1-1,1059,581,1,G,17,1025,f37-1fm,22,0,5,1
mF37-1-1-1,1271,475,2,G,17,1025,f37-1fm,22,0,5,1
mF37-1-1-1,1415,490,3,G,17,1026,f37-1fm,22,0,5,1
mF37-1-1-1,1452,490,4,G,17,1026,f37-1fm,22,0,5,1
mF37-1-1-1,1606,547,5,G,17,1027,f37-1fm,22,0,5,1
mF37-1-1-1,1547,511,6,G,17,1027,f37-1fm,22,0,5,1
mF37-1-1-1,1553,533,7,G,17,1028,f37-1fm,22,0,5,1
mF37-1-1-1,1561,527,8,G,17,1028,f37-1fm,22,0,5,1
mF37-1-1-2,1706,555,9,G,17,1029,f37-1fm,23,0,5,1
mF37-1-1-2,1707,546,10,G,17,1029,f37-1fm,23,0,5,1
mF37-1-1-2,1723,517,11,G,17,1030,f37-1fm,23,0,5,1
mF37-1-1-2,1645,509,12,G,17,1030,f37-1fm,23,0,5,1
mF37-1-1-2,1421,489,1,H,17,1031,f37-1fm,23,0,5,1
mF37-1-1-2,1284,482,2,H,17,1031,f37-1fm,23,0,5,1
mF37-1-1-2,1354,476,3,H,17,1032,f37-1fm,23,0,5,1
mF37-1-1-2,1222,477,4,H,17,1032,f37-1fm,23,0,5,1
mF37-1-1-3,1696,759,5,H,17,1033,f37-1fm,24,0,5,1
mF37-1-1-3,1979,552,6,H,17,1033,f37-1fm,24,0,5,1
mF37-1-1-3,2135,566,7,H,17,1034,f37-1fm,24,0,5,1
mF37-1-1-3,2171,565,8,H,17,1034,f37-1fm,24,0,5,1
mF37-1-1-3,1742,521,9,H,17,1035,f37-1fm,24,0,5,1
mF37-1-1-3,1705,537,10,H,17,1035,f37-1fm,24,0,5,1
mF37-1-1-3,1750,622,11,H,17,1036,f37-1fm,24,0,5,1
mF37-1-1-3,1745,598,12,H,17,1036,f37-1fm,24,0,5,1
mF37-1-1-4,1386,492,1,A,18,1037,f37-1fm,25,0,5,1
mF37-1-1-4,1212,490,2,A,18,1037,f37-1fm,25,0,5,1
mF37-1-1-4,1279,494,3,A,18,1038,f37-1fm,25,0,5,1
mF37-1-1-4,1220,495,4,A,18,1038,f37-1fm,25,0,5,1
mF37-1-1-4,1528,519,5,A,18,1039,f37-1fm,25,0,5,1
mF37-1-1-4,1459,511,6,A,18,1039,f37-1fm,25,0,5,1
mF37-1-1-4,1340,496,7,A,18,1040,f37-1fm,25,0,5,1
mF37-1-1-4,1151,478,8,A,18,1040,f37-1fm,25,0,5,1
mF37-1-1-5,1543,730,9,A,18,1041,f37-1fm,26,0,5,1
mF37-1-1-5,1873,556,10,A,18,1041,f37-1fm,26,0,5,1
mF37-1-1-5,1656,535,11,A,18,1042,f37-1fm,26,0,5,1
mF37-1-1-5,1538,522,12,A,18,1042,f37-1fm,26,0,5,1
mF37-1-1-5,1432,514,1,B,18,1043,f37-1fm,26,0,5,1
mF37-1-1-5,1421,514,2,B,18,1043,f37-1fm,26,0,5,1
mF37-1-1-5,1473,518,3,B,18,1044,f37-1fm,26,0,5,1
mF37-1-1-5,1430,532,4,B,18,1044,f37-1fm,26,0,5,1
mF37-1-1-6,1491,526,5,B,18,1045,f37-1fm,27,0,5,1
mF37-1-1-6,1637,513,6,B,18,1045,f37-1fm,27,0,5,1
mF37-1-1-6,1142,483,7,B,18,1046,f37-1fm,27,0,5,1
mF37-1-1-6,1080,476,8,B,18,1046,f37-1fm,27,0,5,1
mF37-1-1-6,1202,496,9,B,18,1047,f37-1fm,27,0,5,1
mF37-1-1-6,1145,488,10,B,18,1047,f37-1fm,27,0,5,1
mF37-1-1-6,1260,517,11,B,18,1048,f37-1fm,27,0,5,1
mF37-1-1-6,1330,512,12,B,18,1048,f37-1fm,27,0,5,1
CT1,547,515,1,A,19,1049,ct1,1,0,6,1
CT1,550,512,2,A,19,1050,ct1,1,0,6,1
CT1,541,497,3,A,19,1051,ct1,1,0,6,1
CT1,530,492,4,A,19,1052,ct1,1,0,6,1
CT1,484,475,5,A,19,1053,ct1,1,0,6,2
CT1,503,483,6,A,19,1054,ct1,1,0,6,2
CT1,534,491,7,A,19,1055,ct1,1,0,6,2
CT1,511,515,8,A,19,1056,ct1,1,0,6,2
CT2,578,527,9,A,19,1057,ct2,2,0,6,1
CT2,603,509,10,A,19,1058,ct2,2,0,6,1
CT2,578,497,11,A,19,1059,ct2,2,0,6,1
CT2,556,485,12,A,19,1060,ct2,2,0,6,1
CT2,557,494,1,B,19,1061,ct2,2,0,6,2
CT2,595,488,2,B,19,1062,ct2,2,0,6,2
CT2,554,495,3,B,19,1063,ct2,2,0,6,2
CT2,545,486,4,B,19,1064,ct2,2,0,6,2
PSA,418,489,5,B,19,1065,psa,3,0,6,1
PSA,422,484,6,B,19,1066,psa,3,0,6,1
PSA,419,486,7,B,19,1067,psa,3,0,6,1
PSA,413,484,8,B,19,1068,psa,3,0,6,1
PSA,16716,3269,9,B,19,1069,psa,3,0,6,2
PSA,25109,726,10,B,19,1070,psa,3,0,6,2
PSA,17754,668,11,B,19,1071,psa,3,0,6,2
PSA,21994,658,12,B,19,1072,psa,3,0,6,2
F40-2(forward),379,543,1,C,19,1073,f40-2f,44,0,6,1
F40-2(forward),378,531,2,C,19,1074,f40-2f,44,0,6,1
F40-2(forward),374,555,3,C,19,1075,f40-2f,44,0,6,1
F40-2(forward),379,511,4,C,19,1076,f40-2f,44,0,6,1
F40-2(forward),378,536,5,C,19,1077,f40-2f,44,0,6,2
F40-2(forward),380,496,6,C,19,1078,f40-2f,44,0,6,2
F40-2(forward),379,523,7,C,19,1079,f40-2f,44,0,6,2
F40-2(forward),377,535,8,C,19,1080,f40-2f,44,0,6,2
F40-3(forward),623,535,9,C,19,1081,f40-3f,45,0,6,1
F40-3(forward),638,534,10,C,19,1082,f40-3f,45,0,6,1
F40-3(forward),563,488,11,C,19,1083,f40-3f,45,0,6,1
F40-3(forward),620,531,12,C,19,1084,f40-3f,45,0,6,1
F40-3(forward),1371,696,1,D,19,1085,f40-3f,45,0,6,2
F40-3(forward),1836,553,2,D,19,1086,f40-3f,45,0,6,2
F40-3(forward),1681,532,3,D,19,1087,f40-3f,45,0,6,2
F40-3(forward),1739,535,4,D,19,1088,f40-3f,45,0,6,2
F40-6(reverse),5619,597,5,D,19,1089,f40-6r,46,0,6,1
F40-6(reverse),4719,534,6,D,19,1090,f40-6r,46,0,6,1
F40-6(reverse),4314,536,7,D,19,1091,f40-6r,46,0,6,1
F40-6(reverse),4949,546,8,D,19,1092,f40-6r,46,0,6,1
F40-6(reverse),33294,826,9,D,19,1093,f40-6r,46,0,6,2
F40-6(reverse),37334,897,10,D,19,1094,f40-6r,46,0,6,2
F40-6(reverse),38956,974,11,D,19,1095,f40-6r,46,0,6,2
F40-6(reverse),38799,731,12,D,19,1096,f40-6r,46,0,6,2
